Date,Open,High,Low,Close,Adj Close,Volume
2000-01-03,37.375,37.375,35.625,36.25,31.310090999999996,1334400
2000-01-04,35.9375,35.96875,34.625,34.8125,30.068479999999997,1484800
2000-01-05,34.84375,35.375,34.25,35.1875,30.392371999999998,1569800
2000-01-06,35.3125,35.8125,35.0,35.46875,30.635298,1708400
2000-01-07,35.34375,36.15625,35.09375,36.15625,31.229115000000004,1449400
2000-01-10,36.25,37.96875,36.25,37.78125,32.632656,3457800
2000-01-11,37.96875,38.3125,37.28125,37.96875,32.794616999999995,2610000
2000-01-12,38.0,39.46875,38.0,38.75,33.469398,2820000
2000-01-13,38.6875,40.34375,38.375,39.40625,34.036213000000004,3322600
2000-01-14,40.5,41.6875,40.3125,41.625,35.952614000000004,2132600
2000-01-18,40.875,40.875,38.875,38.96875,33.65834,1874400
2000-01-19,39.0,39.6875,38.8125,39.1875,33.847279,2348000
2000-01-20,39.5,39.5,38.75,38.84375,33.550369,1469800
2000-01-21,39.25,40.0,39.0625,40.0,34.549057,1648800
2000-01-24,40.0,40.71875,39.71875,40.0,34.549057,3477600
2000-01-25,40.0,40.28125,37.9375,38.0,32.821606,2054600
2000-01-26,37.875,37.875,36.21875,36.21875,31.283089,2922200
2000-01-27,36.75,38.78125,36.71875,37.9375,32.76762,2284800
2000-01-28,38.0625,38.34375,37.4375,38.1875,32.983551,1270400
2000-01-31,39.0,40.46875,38.53125,40.0625,34.603043,1837400
2000-02-01,40.0625,40.75,39.1875,40.375,34.872952000000005,2032200
2000-02-02,40.34375,40.6875,38.75,39.65625,34.252151,1879600
2000-02-03,39.90625,41.40625,39.40625,40.1875,34.711009999999995,2607400
2000-02-04,40.1875,40.25,36.3125,37.625,32.497707,4407600
2000-02-07,38.5,40.25,38.25,40.0,34.549057,2595600
2000-02-08,40.625,42.9375,40.375,42.21875,36.465454,3109200
2000-02-09,42.21875,43.25,41.59375,42.9375,37.086254,2093200
2000-02-10,42.5,42.875,41.1875,41.4375,35.790657,1584600
2000-02-11,40.75,41.28125,40.375,41.0,35.412781,1046600
2000-02-14,41.0,42.84375,40.6875,42.75,36.924305,1931800
2000-02-15,42.75,43.84375,42.3125,43.1875,37.302193,1828000
2000-02-16,43.0625,44.6875,42.875,44.09375,38.084927,1986000
2000-02-17,44.125,44.71875,43.625,43.96875,37.976974,1082400
2000-02-18,44.0,44.5,43.6875,44.0,38.003963,1339200
2000-02-22,43.875,44.0,42.34375,42.96875,37.113246999999994,1125000
2000-02-23,42.75,42.75,41.0,42.09375,36.357479,1886200
2000-02-24,42.5,42.71875,41.65625,42.4375,36.654388,1634200
2000-02-25,42.4375,42.5,41.375,42.25,36.492443,972400
2000-02-28,42.375,42.90625,42.25,42.90625,37.059265,1162800
2000-02-29,42.90625,43.21875,41.65625,41.90625,36.19553,1580000
2000-03-01,41.90625,42.1875,40.4375,40.96875,35.385791999999995,1697600
2000-03-02,41.25,43.71875,41.1875,43.5625,37.626083,1947200
2000-03-03,43.875,44.25,43.0,43.46875,37.545101,2172400
2000-03-06,42.5,42.5,37.0,40.6875,35.142872,6996800
2000-03-07,41.0625,41.625,39.6875,39.8125,34.387108000000005,2509400
2000-03-08,39.8125,39.875,38.6875,39.125,33.793293,2753800
2000-03-09,39.875,39.875,37.375,37.78125,32.632656,2170800
2000-03-10,36.0,39.0,34.75,36.5,31.526020000000003,3729800
2000-03-13,35.875,37.0,35.15625,36.5,31.526020000000003,2579200
2000-03-14,36.875,37.0,35.0625,35.9375,31.040171,1799400
2000-03-15,35.8125,37.375,35.53125,37.1875,32.119827,2036800
2000-03-16,38.375,41.0,37.9375,40.0625,34.603043,2875400
2000-03-17,40.0,40.03125,37.375,38.9375,33.631347999999996,3874200
2000-03-20,38.9375,39.84375,37.53125,38.4375,33.199482,1934400
2000-03-21,38.25,38.25,37.25,37.3125,32.227798,1659600
2000-03-22,37.375,37.4375,35.3125,36.09375,31.175133000000002,3595000
2000-03-23,36.59375,37.625,36.53125,36.90625,31.876896000000002,2630800
2000-03-24,36.8125,37.875,36.25,37.875,32.713642,2296200
2000-03-27,38.0,38.4375,37.03125,37.15625,32.092831,1151000
2000-03-28,36.0,37.21875,35.625,36.40625,31.445041999999997,2158400
2000-03-29,36.0,38.34375,36.0,37.6875,32.551682,1710600
2000-03-30,37.6875,42.25,37.125,39.8125,34.387108000000005,3232400
2000-03-31,39.8125,40.40625,38.71875,39.375,34.009223999999996,2332400
2000-04-03,39.40625,39.8125,37.65625,38.9375,33.631347999999996,1643000
2000-04-04,38.9375,40.1875,35.5625,37.15625,32.092831,2779400
2000-04-05,37.75,38.875,37.34375,37.78125,32.632656,1507800
2000-04-06,37.8125,38.5,37.5,37.8125,32.659649,1077600
2000-04-07,38.125,38.8125,37.53125,38.5,33.253475,972200
2000-04-10,38.5,40.46875,38.5,39.71875,34.306133,1569400
2000-04-11,39.65625,39.65625,38.1875,39.0,33.685328999999996,1167200
2000-04-12,39.0,39.0,38.03125,38.28125,33.064526,1491400
2000-04-13,38.375,38.625,37.78125,38.21875,33.010544,1161400
2000-04-14,37.875,38.65625,36.25,36.9375,31.903903999999997,2072400
2000-04-17,37.25,37.5,35.59375,37.15625,32.092831,1932200
2000-04-18,37.1875,39.25,36.8125,38.5,33.253475,2028000
2000-04-19,39.125,39.71875,38.875,39.71875,34.306133,1173800
2000-04-20,40.5,43.5,40.03125,43.0625,37.194225,3653200
2000-04-24,43.0,43.5625,41.53125,41.90625,36.19553,2203000
2000-04-25,41.90625,42.1875,41.09375,41.59375,35.925629,1448400
2000-04-26,41.59375,43.09375,41.53125,42.75,36.924305,2116200
2000-04-27,42.375,42.375,41.1875,42.21875,36.465454,911800
2000-04-28,42.21875,45.6875,41.90625,44.96875,38.840706,3207800
2000-05-01,45.4375,46.25,43.125,43.9375,37.949982,2375400
2000-05-02,43.9375,44.46875,42.3125,42.5,36.708374,1535200
2000-05-03,42.5,43.0,41.8125,42.78125,36.95129,1924800
2000-05-04,42.875,43.78125,41.75,42.5625,36.762356,1943200
2000-05-05,42.53125,43.1875,42.375,43.0,37.140236,979000
2000-05-08,42.25,42.25,40.15625,40.59375,35.061896999999995,4553600
2000-05-09,40.5625,40.5625,39.28125,39.46875,34.090202000000005,2772000
2000-05-10,39.1875,39.1875,36.71875,36.8125,31.795933,5414600
2000-05-11,37.125,38.5625,36.0,37.1875,32.119827,8446200
2000-05-12,37.6875,39.375,37.6875,39.125,33.793293,14459200
2000-05-15,38.8125,41.21875,38.6875,41.0625,35.466770000000004,5610400
2000-05-16,40.8125,40.84375,40.0,40.34375,34.845951,2825400
2000-05-17,39.875,41.28125,39.40625,41.03125,35.43977,3170000
2000-05-18,41.28125,41.4375,40.78125,41.25,35.628712,1965400
2000-05-19,41.0625,41.53125,40.8125,41.40625,35.763659999999994,1976600
2000-05-22,41.40625,41.75,40.65625,41.75,36.060574,2672800
2000-05-23,41.875,42.65625,41.4375,41.90625,36.19553,2600200
2000-05-24,41.84375,41.96875,40.125,40.96875,35.385791999999995,3060400
2000-05-25,41.75,42.5625,41.03125,41.8125,36.114563000000004,2499600
2000-05-26,42.25,43.40625,42.1875,42.96875,37.113246999999994,1861200
2000-05-30,42.9375,43.46875,42.09375,43.1875,37.302193,1661400
2000-05-31,43.125,43.8125,42.90625,43.625,37.680065,2383400
2000-06-01,43.625,44.875,43.25,44.6875,38.597782,3092600
2000-06-02,44.75,46.375,44.6875,46.0,39.731419,2110200
2000-06-05,45.75,46.0,43.5,43.875,37.896,1445300
2000-06-06,43.875,45.4375,43.75,45.0,38.867691,2200000
2000-06-07,47.75,47.75,45.25,46.25,39.94735,2550200
2000-06-08,46.25,47.8125,46.125,47.1875,40.757092,2118800
2000-06-09,47.4375,49.25,47.0,48.0,41.458870000000005,1360000
2000-06-12,48.0,48.3125,46.75,47.8125,41.296925,2183600
2000-06-13,47.875,49.625,47.75,48.875,42.214622,2833800
2000-06-14,47.0,47.3125,43.5625,43.6875,37.734058000000005,4344900
2000-06-15,44.5,45.875,44.25,45.25,39.083614000000004,2302100
2000-06-16,45.5,46.4375,44.3125,46.25,39.94735,1853400
2000-06-19,46.25,46.25,44.75,45.375,39.191586,1219800
2000-06-20,45.875,46.875,44.8125,44.875,38.759724,1507600
2000-06-21,44.9375,44.9375,43.625,44.25,38.219902000000005,1575800
2000-06-22,44.25,44.5,42.0,42.25,36.492443,2713300
2000-06-23,42.3125,43.125,40.5,40.875,35.304821000000004,1900100
2000-06-26,41.5,46.25,41.1875,46.0625,39.785393,2337500
2000-06-27,44.875,46.1875,44.8125,45.625,39.40752,2312000
2000-06-28,45.0,46.5625,44.6875,46.484299,40.149708000000004,1022500
2000-06-29,46.125,46.1875,44.0,44.5,38.435825,1323300
2000-06-30,44.5,45.9375,44.375,45.625,39.40752,1680100
2000-07-03,45.25,47.0,45.125,47.0,40.595141999999996,337500
2000-07-05,46.75,47.375,46.0,46.9375,40.541157,1399800
2000-07-06,46.1875,47.5,46.0625,46.1875,39.893372,1343200
2000-07-07,46.5,48.1875,46.4375,48.0,41.458870000000005,1742200
2000-07-10,48.0625,49.8125,48.0625,49.25,42.538528,2016200
2000-07-11,49.0,49.8125,48.75,49.6875,42.916412,1398700
2000-07-12,49.9375,51.25,49.8125,50.5,43.618187,2531900
2000-07-13,50.25,53.625,49.875,53.25,45.993439,2704900
2000-07-14,52.125,52.6875,49.25,50.375,43.510212,2118400
2000-07-17,50.5,54.0,49.625,54.0,46.641228000000005,2377500
2000-07-18,53.75,53.75,51.25,52.4375,45.291649,1511800
2000-07-19,52.4375,52.625,50.6875,50.6875,43.780132,1199600
2000-07-20,50.9375,53.0,50.9375,52.875,45.669537,1745200
2000-07-21,53.0,53.0,52.1875,52.25,45.129707,1111100
2000-07-24,52.25,52.375,51.6875,52.375,45.237667,1158400
2000-07-25,52.8125,53.5625,52.6875,53.4375,46.15538,1540900
2000-07-26,53.625,53.625,51.625,51.75,44.697838,995300
2000-07-27,52.75,53.4375,52.0,52.6875,45.507587,2772200
2000-07-28,52.9375,53.9375,50.5,50.9375,43.996063,1455200
2000-07-31,51.25,54.4375,51.25,53.4375,46.15538,2040300
2000-08-01,53.4375,56.1875,53.375,55.75,48.152744,1982400
2000-08-02,55.4375,55.8125,53.9375,54.4375,47.019104,2162600
2000-08-03,54.25,54.25,52.375,52.6875,45.507587,2000000
2000-08-04,52.6875,53.375,51.25,52.8125,45.615562,1799800
2000-08-07,53.5,54.8125,53.375,54.703098,47.248508,1772100
2000-08-08,56.5,57.9375,55.75,57.75,49.880199,2029500
2000-08-09,57.75,58.8125,55.5625,55.609299,48.031223,1709500
2000-08-10,55.125,55.1875,53.1875,53.828098,46.492756,1803600
2000-08-11,53.875,55.0,53.625,54.703098,47.248508,1119200
2000-08-14,55.625,59.6875,55.3125,58.75,50.743922999999995,2753100
2000-08-15,57.25,57.5,56.5,56.875,49.124435,1718700
2000-08-16,57.0,57.0,55.75,56.078098,48.436138,1402300
2000-08-17,57.125,58.6875,57.0,58.625,50.63596,1903300
2000-08-18,58.5,59.75,58.3125,58.75,50.743922999999995,1896100
2000-08-21,58.125,58.1875,57.0,57.375,49.556309000000006,1588200
2000-08-22,57.875,58.5,57.0625,57.5625,49.718258,1685400
2000-08-23,58.1875,59.4375,57.75,59.125,51.067818,2105600
2000-08-24,59.0,59.0625,57.5,58.75,50.743922999999995,1420200
2000-08-25,58.5,58.625,57.0,57.1875,49.394366999999995,1999200
2000-08-28,57.25,59.3125,57.1875,58.9375,50.905879999999996,1237200
2000-08-29,58.125,58.75,58.0,58.5,50.527992,1325700
2000-08-30,60.5,63.0,59.875,61.625,53.22714200000001,3408900
2000-08-31,61.0,63.9375,61.0,63.640598,54.968070999999995,2561700
2000-09-01,63.75,67.015602,63.640598,67.0,57.869671,1662300
2000-09-05,66.75,66.75,62.375,65.25,56.35815,2423500
2000-09-06,63.0,63.25,60.25,61.75,53.335114000000004,3269300
2000-09-07,61.75,62.625,60.8125,61.375,53.011210999999996,1532700
2000-09-08,61.5,61.6875,59.625,61.0312,52.714252,2264100
2000-09-11,61.0,65.5,61.0,64.578102,55.77780500000001,2345500
2000-09-12,64.75,65.875,63.75,65.6875,56.736042000000005,1947400
2000-09-13,66.6875,67.5,64.5625,65.25,56.35815,2346700
2000-09-14,66.0,66.3125,64.875,65.9375,56.951972999999995,1837500
2000-09-15,66.25,70.25,66.125,67.5,58.30154,3383200
2000-09-18,67.75,67.875,64.1875,64.484299,55.6968,1551400
2000-09-19,64.375,65.125,62.5625,63.625,54.95459,2759700
2000-09-20,63.125,63.375,61.5,62.5,53.982898999999996,1928400
2000-09-21,62.5,63.75,61.5625,62.0,53.551044,1197900
2000-09-22,62.375,65.25,62.375,65.125,56.250172,1868300
2000-09-25,65.0,65.875,64.5625,65.6875,56.736042000000005,1462300
2000-09-26,65.4375,67.0,65.1875,66.8125,57.707714,2323900
2000-09-27,66.875,70.0,66.5,69.140602,59.71856700000001,2665800
2000-09-28,68.5,68.5625,66.75,68.375,59.057311999999996,2567500
2000-09-29,68.125,69.375,67.3125,68.515602,59.178726,1276400
2000-10-02,68.6875,71.75,67.5625,70.625,61.000668000000005,2526500
2000-10-03,70.625,72.8125,69.625,70.25,60.676781000000005,2909900
2000-10-04,70.25,71.375,66.0,67.25,58.085598,2658500
2000-10-05,68.0,68.8125,65.0625,65.5625,56.628075,3000600
2000-10-06,65.625,66.4375,64.125,64.75,55.926272999999995,2111800
2000-10-09,65.25,67.875,65.0625,67.5,58.30154,1419300
2000-10-10,67.375,69.75,66.5,69.3125,59.867027,2331300
2000-10-11,70.75,70.875,65.0,65.125,56.250172,2477400
2000-10-12,65.625,65.875,60.0,60.25,52.03952,3287800
2000-10-13,60.75,60.75,58.3125,58.75,50.743922999999995,2685600
2000-10-16,59.0,61.0,58.5,59.0625,51.01384,2320400
2000-10-17,60.0625,60.4375,58.25,58.9375,50.905879999999996,1387700
2000-10-18,57.5,58.1875,52.125,54.125,46.749187,4286100
2000-10-19,53.875,56.75,53.1875,55.6875,48.098766,3729700
2000-10-20,55.9375,58.0,55.5,57.4375,49.610283,3137300
2000-10-23,57.5625,58.375,55.375,55.625,48.044788,2364200
2000-10-24,55.875,57.75,54.5,54.9375,47.450965999999994,2541200
2000-10-25,54.9375,54.9375,49.5,51.5,44.481911,3085300
2000-10-26,51.375,52.25,49.875,51.0,44.050041,3044600
2000-10-27,52.0,54.5625,51.625,54.25,46.857155,4841300
2000-10-30,54.3125,56.3125,53.5,55.875,48.260715000000005,1949100
2000-10-31,55.875,57.4375,54.8125,56.5,48.800552,2418500
2000-11-01,57.75,60.8125,57.5,60.6875,52.417393,2184300
2000-11-02,61.5,62.5625,59.5625,60.875,52.57935,2117300
2000-11-03,60.875,62.25,57.8125,61.25,52.903236,1814400
2000-11-06,61.9375,64.0,61.0,62.8125,54.252823,1366400
2000-11-07,62.8125,64.5,62.8125,64.1875,55.440441,1316100
2000-11-08,64.125,64.5625,62.875,63.5,54.846633999999995,1196500
2000-11-09,63.5625,63.875,60.625,62.4375,53.928920999999995,1512900
2000-11-10,62.5,64.0,61.125,61.625,53.22714200000001,1245000
2000-11-13,60.0,60.125,57.4375,58.5,50.527992,2275900
2000-11-14,58.5,59.25,55.625,56.375,48.692574,2573500
2000-11-15,56.3125,57.4375,54.9375,57.0,49.232407,2048600
2000-11-16,57.125,57.5,56.5,57.5,49.664268,1985200
2000-11-17,57.5,59.25,56.75,59.0,50.959862,2206300
2000-11-20,59.0,59.0,57.0,57.375,49.556309000000006,1239000
2000-11-21,57.25,57.8125,53.0,53.75,46.425297,2293900
2000-11-22,49.0,56.5,49.0,54.3125,46.911137,2814800
2000-11-24,55.25,56.3125,54.875,55.875,48.260715000000005,531700
2000-11-27,56.125,56.875,56.0625,56.5625,48.854523,1250300
2000-11-28,56.5625,57.125,55.3125,55.6875,48.098766,1582100
2000-11-29,55.875,56.4375,55.0625,55.4375,47.882832,1465000
2000-11-30,52.5,52.625,51.0,51.875,44.805813,3171500
2000-12-01,52.75,52.75,51.625,51.6875,44.64386,1897900
2000-12-04,51.75,53.3125,48.625,49.0625,42.376579,3918600
2000-12-05,49.0625,49.6875,47.375,48.5,41.890739,4389900
2000-12-06,49.0,49.4375,47.4375,47.625,41.134972,2789400
2000-12-07,47.875,48.8125,45.0,45.5,39.299549,4827900
2000-12-08,45.25,49.25,45.0,48.25,41.674797,4159200
2000-12-11,49.0,51.375,49.0,50.8125,43.888107,3304600
2000-12-12,50.8125,51.3125,49.125,49.9375,43.132343,2457500
2000-12-13,50.0,51.875,49.625,51.4375,44.427921000000005,2857900
2000-12-14,50.875,50.875,48.125,49.4375,42.70047,3156100
2000-12-15,49.0,50.25,46.8125,49.9375,43.132343,3379000
2000-12-18,51.0625,53.0625,50.375,52.4375,45.291649,3124600
2000-12-19,52.5,54.1875,52.4375,53.0,45.7775,2311100
2000-12-20,52.0,52.75,51.375,52.6875,45.507587,2610900
2000-12-21,52.0,52.3125,50.0625,50.5,43.618187,3238700
2000-12-22,50.5,52.5,49.5,52.5,45.345642,2829400
2000-12-26,53.125,55.875,52.875,55.8125,48.206734000000004,1990600
2000-12-27,55.75,55.9375,54.5625,55.9375,48.314696999999995,2007100
2000-12-28,55.9375,56.4375,54.75,56.125,48.476646,2080900
2000-12-29,56.625,56.875,54.8125,55.375,47.828854,2252300
2001-01-02,55.625,55.625,51.5625,51.75,44.697838,1254200
2001-01-03,51.875,52.4375,48.4375,49.9375,43.132343,2873500
2001-01-04,50.0,50.4375,45.875,49.8125,43.024376000000004,6884200
2001-01-05,49.8125,53.0,49.25,51.375,44.373940000000005,2533700
2001-01-08,52.25,52.8125,51.4375,52.5,45.345642,1854300
2001-01-09,53.5,53.5,52.8125,53.3125,46.047416999999996,2160800
2001-01-10,53.3125,53.8125,50.6875,52.375,45.237667,2537900
2001-01-11,53.375,53.375,49.6875,50.875,43.942081,2293300
2001-01-12,51.5,52.8125,49.5625,52.625,45.453606,2326100
2001-01-16,52.875,52.875,50.3125,51.0625,44.104031,2768600
2001-01-17,51.0625,53.1875,50.9375,51.6875,44.64386,2563300
2001-01-18,52.5,53.1875,52.0,52.6875,45.507587,2386300
2001-01-19,52.6875,54.1875,51.625,53.1875,45.939457,2738700
2001-01-22,53.5,54.25,53.1875,53.9375,46.58725,2269500
2001-01-23,54.1875,56.8125,54.1875,56.5,48.800552,2199200
2001-01-24,57.0,59.125,56.5,57.0,49.232407,3362800
2001-01-25,56.25,57.5,55.3125,56.125,48.476646,1810700
2001-01-26,56.25,59.25,56.25,58.6875,50.689945,1966300
2001-01-29,58.939999,59.959998999999996,58.599998,59.700001,51.564468,1744700
2001-01-30,57.0,57.25,55.799999,56.400002,48.714172,4119700
2001-01-31,57.5,57.950001,55.610001000000004,57.630001,49.77655,7427700
2001-02-01,57.509997999999996,57.630001,56.200001,56.75,49.016472,2398300
2001-02-02,56.75,58.450001,56.66,58.0,50.096138,1674100
2001-02-05,58.25,58.48,56.209998999999996,56.75,49.016472,1433200
2001-02-06,57.75,57.75,54.75,55.299999,47.764072,2769200
2001-02-07,55.75,57.490002000000004,55.549999,57.119999,49.336059999999996,1990600
2001-02-08,57.119999,58.880001,57.02,57.689999,49.828377,1359300
2001-02-09,57.689999,60.0,57.549999,59.580002,51.460834999999996,1392200
2001-02-12,59.580002,59.580002,55.0,56.75,49.016472,2418400
2001-02-13,57.0,58.389998999999996,56.349998,57.189999,49.396503,1339800
2001-02-14,57.189999,57.330002,56.529999,56.880001,49.128765,1127400
2001-02-15,56.900002,57.599998,55.0,57.080002,49.30151,1937000
2001-02-16,57.299999,58.18,57.25,57.98,50.078854,1432500
2001-02-20,57.990002000000004,58.77,57.77,58.59,50.605728000000006,1433400
2001-02-21,58.59,60.150002,58.349998,58.360001000000004,50.407070000000004,2314200
2001-02-22,57.799999,58.490002000000004,56.240002000000004,56.580002,48.869644,2553000
2001-02-23,55.950001,55.959998999999996,53.5,53.599998,46.295738,3053800
2001-02-26,53.900002,55.299999,53.599998,55.200001,47.677708,1749900
2001-02-27,55.299999,56.400002,53.82,55.009997999999996,47.513588,1224700
2001-02-28,55.650002,55.650002,53.509997999999996,53.970001,46.615314,1193600
2001-03-01,54.099998,54.880001,53.349998,54.650002,47.202659999999995,2593600
2001-03-02,55.200001,56.5,54.200001,55.84,48.230484000000004,1581800
2001-03-05,56.75,57.27,56.240002000000004,56.599998,48.886917,1927700
2001-03-06,57.599998,57.689999,56.75,57.009997999999996,49.241043,1367300
2001-03-07,57.02,57.75,56.619999,57.0,49.232407,1649300
2001-03-08,57.25,58.389998999999996,57.009997999999996,58.02,50.1134,1882800
2001-03-09,59.02,59.02,54.900002,55.849998,48.23912,4301500
2001-03-12,55.849998,55.849998,52.25,52.25,45.129707,2295400
2001-03-13,53.299999,53.299999,49.0,49.259997999999996,42.547157,3548600
2001-03-14,48.5,50.150002,48.099998,48.860001000000004,42.201668,6291600
2001-03-15,49.5,50.299999,49.25,49.639998999999996,42.875378000000005,2548600
2001-03-16,48.75,49.299999,47.41,47.509997999999996,41.035645,3965200
2001-03-19,47.509997999999996,47.900002,46.599998,46.650002,40.292835,2289400
2001-03-20,47.5,49.349998,47.200001,48.009997999999996,41.467506,3491100
2001-03-21,48.349998,48.98,47.549999,47.549999,41.070198,2063000
2001-03-22,47.560001,47.950001,41.299999,43.200001,37.312992,5104000
2001-03-23,43.900002,44.650002,42.75,43.98,37.986691,5105700
2001-03-26,45.0,47.380001,44.700001,46.470001,40.137367,3942400
2001-03-27,47.75,49.599998,47.32,49.599998,42.840824,6396100
2001-03-28,50.0,50.77,49.02,49.5,42.754459000000004,3564300
2001-03-29,49.400002,50.139998999999996,47.43,49.040001000000004,42.357143,3717400
2001-03-30,49.0,50.700001,48.5,49.959998999999996,43.151775,3384000
2001-04-02,49.959998999999996,50.650002,48.869999,49.720001,42.944485,2196100
2001-04-03,49.720001,49.720001,46.5,47.849998,41.329308000000005,2709600
2001-04-04,47.599998,47.84,43.75,44.049999,38.04715,4330700
2001-04-05,45.25,45.25,42.470001,43.0,37.140236,5495400
2001-04-06,43.950001,45.5,40.5,43.970001,37.978054,6003500
2001-04-09,44.5,46.049999,44.0,45.380001,39.195904,2251100
2001-04-10,47.25,48.599998,46.400002,46.860001000000004,40.474232,2507600
2001-04-11,46.75,49.0,46.5,48.790001000000004,42.141216,2244300
2001-04-12,48.700001,49.75,46.880001,49.400002,42.668091,1908000
2001-04-16,49.400002,49.689999,48.799999,49.619999,42.858101,1774400
2001-04-17,49.419998,50.049999,49.049999,50.049999,43.229510999999995,1569200
2001-04-18,51.0,51.830002,49.810001,51.450001,44.438728000000005,1980000
2001-04-19,51.450001,52.25,50.66,52.0,44.913769,2052800
2001-04-20,52.009997999999996,52.009997999999996,49.099998,49.650002,42.884021999999995,2531400
2001-04-23,50.0,50.0,48.0,48.650002,42.02029,2869700
2001-04-24,48.849998,48.950001,47.0,48.049999,41.502064000000004,3566400
2001-04-25,48.450001,48.490002000000004,47.02,48.0,41.458870000000005,1578700
2001-04-26,47.75,48.200001,46.560001,47.0,40.595141999999996,2845900
2001-04-27,47.299999,47.959998999999996,46.849998,47.450001,40.983821999999996,2028700
2001-04-30,47.700001,48.849998,47.509997999999996,47.669998,41.173843,2011100
2001-05-01,47.919998,48.34,44.849998,45.25,39.083614000000004,3789100
2001-05-02,46.400002,48.849998,46.25,48.299999,41.717987,4138800
2001-05-03,48.75,48.950001,47.830002,48.330002,41.743896,2172500
2001-05-04,48.330002,49.0,47.669998,48.5,41.890739,1627500
2001-05-07,48.5,49.400002,47.599998,47.75,41.242934999999996,1219000
2001-05-08,47.700001,47.700001,45.759997999999996,46.209998999999996,39.9128,2794500
2001-05-09,46.220001,46.450001,44.490002000000004,44.810001,38.703587,3830800
2001-05-10,45.0,45.040001000000004,42.349998,43.5,37.572102,5081500
2001-05-11,43.75,44.549999,42.75,44.290001000000004,38.25444,3347100
2001-05-14,44.75,45.540001000000004,42.5,42.98,37.122963,3532000
2001-05-15,43.0,43.400002,42.0,42.299999,36.535629,4122300
2001-05-16,42.900002,43.0,41.470001,41.950001,36.23333,5785500
2001-05-17,42.450001,45.200001,42.41,45.200001,39.040436,6668900
2001-05-18,45.75,45.98,44.5,45.75,39.515476,2735400
2001-05-21,45.75,46.689999,45.0,46.060001,39.783245,2593000
2001-05-22,46.650002,47.669998,46.349998,47.25,40.811081,2944100
2001-05-23,48.200001,48.43,47.5,47.639998999999996,41.147919,2817100
2001-05-24,47.889998999999996,47.889998999999996,46.150002,46.709998999999996,40.344654,1481900
2001-05-25,46.91,46.950001,45.599998,45.849998,39.601856,2318500
2001-05-29,46.09,46.09,45.0,45.400002,39.213177,1518200
2001-05-30,45.150002,46.0,44.09,44.560001,38.487652000000004,1628300
2001-05-31,44.549999,45.630001,44.099998,45.400002,39.213177,2287500
2001-06-01,45.0,45.459998999999996,44.27,44.93,38.807228,2090800
2001-06-04,44.900002,45.200001,43.75,44.59,38.513557,1760000
2001-06-05,44.299999,44.400002,42.110001000000004,42.540001000000004,36.742928000000006,4058700
2001-06-06,42.580002,43.279999,42.259997999999996,42.470001,36.682460999999996,4446000
2001-06-07,42.48,42.849998,39.950001,40.349998,34.851364000000004,5347900
2001-06-08,41.0,41.689999,40.5,41.369999,35.732365,2130500
2001-06-11,42.0,42.639998999999996,41.169998,42.5,36.708374,2590000
2001-06-12,42.700001,42.959998999999996,41.299999,42.919998,37.071135999999996,2487600
2001-06-13,42.919998,43.169998,41.650002,41.91,36.19878,2119300
2001-06-14,41.91,41.91,40.450001,40.959998999999996,35.378239,2307800
2001-06-15,40.5,43.009997999999996,40.5,42.93,37.079777,3607500
2001-06-18,42.93,43.5,41.799999,42.509997999999996,36.717007,2167900
2001-06-19,42.75,42.939999,41.610001000000004,42.0,36.276505,2384100
2001-06-20,42.0,43.0,41.299999,42.0,36.276505,2392600
2001-06-21,42.0,42.0,40.080002,41.560001,35.896477000000004,3996500
2001-06-22,41.599998,42.029999,40.299999,41.060001,35.464607,3133700
2001-06-25,41.310001,41.68,41.130001,41.5,35.844646000000004,1552100
2001-06-26,41.75,41.849998,40.75,41.549999,35.887833,1354700
2001-06-27,41.799999,42.700001,41.400002,42.279999,36.518356,1597600
2001-06-28,42.950001,44.5,42.650002,43.900002,37.917590999999994,2990200
2001-06-29,44.5,44.5,42.599998,43.049999,37.183422,3427100
2001-07-02,44.0,44.0,43.150002,43.779999,37.813942,1583900
2001-07-03,44.25,44.279999,42.849998,43.0,37.140236,1111900
2001-07-05,43.0,43.0,41.389998999999996,42.07,36.336971000000005,2404400
2001-07-06,42.07,42.619999,41.700001,42.450001,36.665184,1759800
2001-07-09,42.700001,43.25,41.900002,43.25,37.356171,1853500
2001-07-10,43.25,44.5,43.150002,43.400002,37.485718,1965500
2001-07-11,43.549999,43.950001,41.810001,42.0,36.276505,2325100
2001-07-12,41.75,41.759997999999996,39.130001,39.189999,33.849438,3942400
2001-07-13,39.200001,39.900002,38.259997999999996,38.419998,33.184368,3068200
2001-07-16,38.349998,39.369999,37.84,37.990002000000004,32.812973,3445500
2001-07-17,38.549999,38.549999,37.400002,37.82,32.666126,2332000
2001-07-18,38.049999,38.049999,36.0,36.43,31.465553000000003,3457900
2001-07-19,37.099998,37.799999,36.400002,36.68,31.681488,2327500
2001-07-20,36.849998,37.279999,35.549999,35.720001,30.852314,1998200
2001-07-23,35.970001,36.0,34.369999,35.049999,30.273611,4218900
2001-07-24,35.0,35.599998,34.75,35.0,30.230425,4040500
2001-07-25,35.0,35.400002,33.599998,34.950001,30.187237,4657400
2001-07-26,34.75,35.400002,33.630001,34.099998,29.45307,5138100
2001-07-27,34.25,37.5,34.25,37.299999,32.217003000000005,5395500
2001-07-30,37.299999,37.599998,35.900002,37.580002,32.458836,2833100
2001-07-31,37.450001,38.5,37.330002,38.299999,33.080715000000005,2589300
2001-08-01,38.0,39.099998,38.0,38.880001,33.58168,2030300
2001-08-02,39.099998,39.25,38.650002,38.900002,33.598960999999996,1907000
2001-08-03,38.75,39.009997999999996,38.119999,38.970001,33.659420000000004,1655200
2001-08-06,38.299999,38.34,37.400002,37.759997999999996,32.614307000000004,1735500
2001-08-07,37.77,38.740002000000004,37.599998,37.990002000000004,32.812973,1603500
2001-08-08,37.450001,37.48,35.5,35.900002,31.007784,1938200
2001-08-09,35.700001,35.950001,35.349998,35.580002,30.73139,3233800
2001-08-10,35.900002,35.939999,34.810001,35.57,30.72275,1669800
2001-08-13,35.799999,36.110001000000004,35.400002,35.540001000000004,30.696838,1244300
2001-08-14,35.509997999999996,35.849998,34.790001000000004,35.07,30.290884000000002,1399300
2001-08-15,34.970001,36.0,34.200001,35.279999,30.472275,1367800
2001-08-16,35.150002,35.18,34.279999,34.900002,30.144053000000003,1607300
2001-08-17,34.25,34.599998,33.77,34.07,29.427159999999997,1687300
2001-08-20,34.25,34.330002,33.650002,33.950001,29.323509,1315200
2001-08-21,34.349998,34.5,33.759997999999996,34.490002000000004,29.789927000000002,2291000
2001-08-22,34.889998999999996,35.029999,33.849998,34.130001,29.478981,1504700
2001-08-23,34.139998999999996,34.900002,34.099998,34.84,30.092234,1154700
2001-08-24,34.84,35.599998,34.380001,35.32,30.506821000000002,1639900
2001-08-27,35.5,35.689999,34.970001,35.630001,30.77457,1000300
2001-08-28,35.549999,36.139998999999996,35.52,35.779999,30.904125,1645300
2001-08-29,35.849998,36.34,35.349998,35.59,30.740021000000002,1591700
2001-08-30,35.650002,35.650002,32.0,32.650002,28.200668,4868500
2001-08-31,32.700001,33.450001,32.700001,33.119999,28.606621,3509600
2001-09-04,33.400002,33.400002,31.799999,31.91,27.561514000000003,2365400
2001-09-05,32.0,32.5,30.0,30.73,26.542315000000002,5088400
2001-09-06,30.700001,31.02,29.9,30.07,25.972248,3057100
2001-09-07,30.4,30.5,29.200001,29.58,25.549028,3773700
2001-09-10,28.5,29.299999,26.6,29.0,25.048069,7102000
2001-09-17,26.5,27.98,26.42,27.5,23.75248,4346300
2001-09-18,27.549999,27.65,24.5,24.74,21.368589,5554600
2001-09-19,24.799999,25.200001,22.0,23.16,20.003901000000003,7209400
2001-09-20,22.85,24.6,22.65,24.32,21.005829000000002,4931400
2001-09-21,23.5,24.5,23.469998999999998,24.25,20.94537,4671100
2001-09-24,24.35,25.25,24.01,25.1,21.679533,4435800
2001-09-25,25.42,25.5,23.190001000000002,24.25,20.94537,12233500
2001-09-26,13.5,15.6,12.0,12.25,10.580648,53040600
2001-09-27,12.38,13.4,12.35,13.22,11.418463000000001,20387900
2001-09-28,13.1,13.44,12.51,12.82,11.072973,14313100
2001-10-01,12.45,12.54,11.61,11.98,10.347442,11232200
2001-10-02,11.96,12.7,11.6,12.49,10.787944,10258000
2001-10-03,12.25,13.15,12.0,13.1,11.314816,8164600
2001-10-04,13.15,14.0,12.96,13.5,11.660307000000001,8090800
2001-10-05,13.55,13.9,13.05,13.63,11.772592,5992300
2001-10-08,13.5,13.65,13.03,13.3,11.487561999999999,3941600
2001-10-09,13.3,13.42,12.86,13.15,11.358002,4256100
2001-10-10,13.25,13.85,13.06,13.79,11.910789,6100900
2001-10-11,13.89,15.23,13.85,14.72,12.714053999999999,10372600
2001-10-12,14.7,15.13,14.5,15.03,12.981808000000001,5593300
2001-10-15,15.03,15.1,14.75,14.87,12.843612,5328100
2001-10-16,15.1,15.24,14.32,14.85,12.826339,5061400
2001-10-17,14.6,14.84,14.16,14.36,12.40311,3869400
2001-10-18,14.36,14.48,13.7,13.77,11.893516,2398900
2001-10-19,13.8,14.53,13.19,14.32,12.368563,3224100
2001-10-22,14.28,14.38,13.6,13.87,11.979886,2217200
2001-10-23,14.05,14.15,13.25,13.46,11.625760000000001,2507000
2001-10-24,13.6,13.6,12.92,13.19,11.39255,2569000
2001-10-25,12.95,13.36,12.75,13.11,11.323452,4463200
2001-10-26,13.5,14.72,13.35,14.64,12.644957000000002,6247000
2001-10-29,14.4,14.48,13.96,14.07,12.152632,2719200
2001-10-30,14.09,14.15,13.6,13.74,11.867600999999999,2484000
2001-10-31,14.05,14.08,13.4,13.85,11.96261,2306200
2001-11-01,13.9,14.05,13.55,13.94,12.040346000000001,2166700
2001-11-02,13.95,13.99,13.36,13.54,11.694856,1739900
2001-11-05,13.64,14.03,13.35,13.78,11.90215,3609700
2001-11-06,13.89,13.89,12.91,13.46,11.625760000000001,2754800
2001-11-07,13.6,13.94,12.33,12.95,11.185257,6545100
2001-11-08,13.03,13.37,12.95,13.08,11.29754,5781400
2001-11-09,13.35,14.19,13.21,13.87,11.979886,3978200
2001-11-12,13.8,14.25,13.5,14.12,12.195817,2564000
2001-11-13,14.3,14.88,14.05,14.81,12.791789,3666700
2001-11-14,14.81,15.17,14.65,14.94,12.904073,3681000
2001-11-15,15.0,16.049999,15.0,15.9,13.73325,5818800
2001-11-16,16.0,17.49,15.78,16.950001,14.640165,8661600
2001-11-19,17.049999,17.690001000000002,16.969998999999998,17.639999,15.236137,6223300
2001-11-20,17.35,17.799999,17.049999,17.379998999999998,15.011566,4105900
2001-11-21,17.379998999999998,17.389999,16.51,16.91,14.605611999999999,2165700
2001-11-23,16.91,17.549999,16.700001,17.440001000000002,15.063391000000001,807500
2001-11-26,17.190001000000002,17.35,16.84,17.17,14.830181,2641500
2001-11-27,16.950001,17.049999,16.6,16.799999,14.510607,2682300
2001-11-28,16.549999,16.780001000000002,16.0,16.07,13.880084,5309300
2001-11-29,15.9,17.0,15.86,16.52,14.268761999999999,2189800
2001-11-30,16.52,16.75,16.1,16.52,14.268761999999999,2118300
2001-12-03,16.52,16.52,15.53,16.07,13.880084,2694100
2001-12-04,16.0,16.620001000000002,15.77,16.610001,14.346498,1808400
2001-12-05,16.5,17.35,16.35,16.98,14.666073,2772900
2001-12-06,16.98,17.040001,16.5,16.780001000000002,14.493329999999998,1980300
2001-12-07,16.799999,17.0,16.35,16.5,14.251485,2808300
2001-12-10,15.0,15.01,14.5,14.75,12.739965,6876200
2001-12-11,14.6,14.7,13.53,13.93,12.031709,5460200
2001-12-12,13.99,14.57,13.38,14.39,12.429025,8814200
2001-12-13,14.32,14.78,14.12,14.51,12.532669,7599900
2001-12-14,14.2,14.73,14.03,14.55,12.567219,3146900
2001-12-17,14.55,14.55,14.11,14.31,12.359928,2349600
2001-12-18,14.21,14.95,14.13,14.69,12.688142,3293400
2001-12-19,14.65,15.6,14.36,15.09,13.033632,4711700
2001-12-20,14.65,14.98,14.35,14.62,12.627680999999999,2935900
2001-12-21,14.25,14.43,14.16,14.25,12.308102,5682200
2001-12-24,14.27,14.65,14.25,14.51,12.532669,870600
2001-12-26,14.6,15.1,14.51,14.9,12.869525999999999,1653400
2001-12-27,14.62,16.290001,14.62,16.25,14.035554000000001,4098300
2001-12-28,16.299999,16.889999,16.16,16.620001000000002,14.355134,2863200
2001-12-31,16.5,17.0,16.25,16.35,14.121925,2677700
2002-01-02,15.5,16.790001,15.5,16.790001,14.501968,2357100
2002-01-03,16.6,16.950001,16.26,16.5,14.251485,2781300
2002-01-04,16.65,17.5,16.559998999999998,17.450001,15.072026000000001,3103000
2002-01-07,17.700001,17.879998999999998,17.25,17.84,15.408884,2455000
2002-01-08,17.84,17.92,17.51,17.77,15.348419,2562900
2002-01-09,17.77,17.85,17.17,17.299999,14.942466,2056500
2002-01-10,16.65,17.58,16.65,17.200001,14.856097,3469200
2002-01-11,17.110001,17.200001,16.379998999999998,16.43,14.191023999999999,3255200
2002-01-14,16.6,16.700001,16.08,16.27,14.052828,2434300
2002-01-15,16.549999,16.6,16.129998999999998,16.280001000000002,14.061469,2317100
2002-01-16,16.030001000000002,16.450001,15.95,16.049999,13.862808,1401800
2002-01-17,15.8,15.96,15.3,15.45,13.344574,3069200
2002-01-18,15.45,15.66,15.35,15.5,13.387761,2467200
2002-01-22,15.35,15.74,15.11,15.55,13.430945999999999,2167700
2002-01-23,15.55,15.73,15.12,15.15,13.085453999999999,2462200
2002-01-24,15.2,15.64,15.2,15.46,13.353212,1065800
2002-01-25,15.46,15.6,15.21,15.37,13.275475,678800
2002-01-28,15.38,15.7,14.99,15.08,13.024996,1243900
2002-01-29,15.4,15.4,14.38,14.4,12.437661,3018900
2002-01-30,14.42,14.57,13.39,13.85,11.96261,4938800
2002-01-31,13.89,13.9,13.31,13.55,11.703495,3558100
2002-02-01,13.35,13.45,13.12,13.3,11.487561999999999,4720800
2002-02-04,13.07,13.18,11.9,12.27,10.597923,4242900
2002-02-05,11.6,11.98,11.07,11.52,9.95013,5865800
2002-02-06,10.75,11.5,9.9,9.9,8.550889999999999,6658900
2002-02-07,9.95,10.38,9.89,10.28,8.879108,6184600
2002-02-08,10.05,10.5,9.99,10.01,8.645902,4409900
2002-02-11,10.0,10.45,9.95,10.43,9.008668,4219400
2002-02-12,10.43,10.43,10.0,10.15,8.766824,3034200
2002-02-13,10.15,10.2,9.99,10.01,8.645902,2949700
2002-02-14,10.0,10.15,9.0,9.5,8.205401,3801400
2002-02-15,9.0,9.11,5.85,7.0,6.046085,29962400
2002-02-19,6.5,7.39,4.4,4.75,4.102701000000001,21070900
2002-02-20,5.0,5.1,3.9,4.25,3.670838,25251800
2002-02-21,4.35,4.92,4.09,4.11,3.5499160000000005,14883500
2002-02-22,3.71,4.31,3.4,4.13,3.56719,15464400
2002-02-25,4.2,4.9,3.78,4.85,4.189072,9816100
2002-02-26,4.98,5.42,4.75,5.01,4.327269,12535500
2002-02-27,5.15,5.24,4.8,4.99,4.309995,7627600
2002-02-28,4.99,5.24,4.75,5.16,4.456829,6890300
2002-03-01,5.3,5.3,4.8,4.99,4.309995,11620600
2002-03-04,5.0,5.44,5.0,5.15,4.4481910000000005,10125400
2002-03-05,5.3,6.0,5.2,5.95,5.139172,11948400
2002-03-06,6.09,7.0,6.0,6.4,5.52785,19435500
2002-03-07,6.99,7.33,6.83,7.24,6.25338,12890600
2002-03-08,7.49,8.88,7.4,8.29,7.160292,13151300
2002-03-11,8.6,9.1,8.28,9.01,7.782176,11768700
2002-03-12,8.76,9.65,8.2,8.79,7.592155,12724600
2002-03-13,8.69,9.33,8.31,8.5,7.341676,7791600
2002-03-14,8.5,8.8,8.3,8.4,7.255303,4662200
2002-03-15,8.4,8.4,7.2,7.86,6.788889999999999,7871000
2002-03-18,7.86,8.8,7.86,8.8,7.6007940000000005,6283300
2002-03-19,9.1,9.8,8.99,9.17,7.920372,9042400
2002-03-20,8.9,9.44,8.7,9.1,7.85991,5581200
2002-03-21,9.1,9.33,9.0,9.24,7.980834,4823400
2002-03-22,9.09,9.19,8.61,8.75,7.557606,7974600
2002-03-25,8.75,9.12,8.65,9.0,7.773536,4330100
2002-03-26,8.6,8.95,8.55,8.8,7.6007940000000005,6872800
2002-03-27,8.8,9.2,8.79,9.1,7.85991,4582900
2002-03-28,9.26,9.36,8.9,9.0,7.773536,6093400
2002-04-01,8.75,9.09,8.61,9.06,7.825360000000001,2350800
2002-04-02,9.0,9.05,8.8,8.8,7.6007940000000005,2303100
2002-04-03,8.7,9.1,8.5,8.96,7.738989999999999,3429600
2002-04-04,9.0,9.15,8.82,9.06,7.825360000000001,7200100
2002-04-05,9.06,9.21,8.86,9.17,7.920372,2320500
2002-04-08,9.17,9.17,8.85,8.87,7.661252,2282300
2002-04-09,8.85,9.07,8.74,8.76,7.566244,2223200
2002-04-10,8.77,8.97,8.66,8.8,7.6007940000000005,2651200
2002-04-11,8.8,8.88,8.4,8.45,7.298488000000001,2833000
2002-04-12,8.5,8.74,8.4,8.5,7.341676,2376600
2002-04-15,8.45,8.45,7.37,7.4,6.391577,5738400
2002-04-16,7.64,7.89,7.61,7.78,6.719791000000001,3262600
2002-04-17,7.97,8.0,7.78,7.95,6.866625,2532300
2002-04-18,7.95,8.09,7.77,7.85,6.780252000000001,2572200
2002-04-19,7.86,7.89,7.54,7.69,6.642057,1534000
2002-04-22,7.45,7.73,7.2,7.48,6.460674,2349200
2002-04-23,7.77,8.04,7.74,7.89,6.814802,3128900
2002-04-24,7.79,7.79,7.29,7.29,6.296565,2558900
2002-04-25,8.0,8.0,7.56,7.91,6.832076,4857400
2002-04-26,8.0,8.2,7.61,7.62,6.581595,3362600
2002-04-29,7.7,8.14,7.7,7.94,6.857989,3858100
2002-04-30,7.95,8.18,7.95,8.02,6.927086999999999,2837400
2002-05-01,8.02,8.43,7.98,8.35,7.212116,2593800
2002-05-02,8.45,8.5,8.19,8.5,7.341676,2309600
2002-05-03,8.4,8.44,8.13,8.24,7.1171050000000005,1741000
2002-05-06,8.28,8.28,7.95,8.0,6.909811,3009500
2002-05-07,8.01,8.13,7.51,7.65,6.607508,4158000
2002-05-08,7.68,7.85,7.44,7.8,6.737067,1687200
2002-05-09,7.78,8.0,7.3,7.3,6.305203,1780500
2002-05-10,7.29,7.5,6.5,6.72,5.804241,3324100
2002-05-13,6.72,6.84,6.58,6.81,5.881977,1790500
2002-05-14,6.91,7.13,6.8,7.0,6.046085,2006100
2002-05-15,6.9,7.21,6.65,6.84,5.907889,2922000
2002-05-16,7.0,7.14,6.55,6.55,5.657408,1834700
2002-05-17,6.55,6.69,5.89,6.16,5.320555000000001,3358600
2002-05-20,6.4,6.64,6.1,6.5,5.614221,3836900
2002-05-21,6.65,6.74,6.39,6.51,5.622859,2411100
2002-05-22,6.65,6.7,6.34,6.7,5.786967,1324300
2002-05-23,6.7,6.79,6.56,6.6,5.700594000000001,2257100
2002-05-24,6.68,6.79,6.38,6.63,5.726506,1485700
2002-05-28,6.8,6.9,6.51,6.74,5.821517,1567900
2002-05-29,6.7,6.74,6.51,6.51,5.622859,1430900
2002-05-30,6.4,6.58,6.21,6.47,5.588311,2150200
2002-05-31,6.37,6.62,6.23,6.55,5.657408,1540500
2002-06-03,6.53,6.53,5.75,5.88,5.078711,2088100
2002-06-04,5.87,6.1,5.56,5.65,4.880054,2675600
2002-06-05,5.65,5.65,5.15,5.24,4.525926,4393800
2002-06-06,5.25,5.38,4.29,4.49,3.878133,4548400
2002-06-07,4.59,4.75,3.9,3.9,3.3685339999999995,6492900
2002-06-10,4.0,4.18,3.98,4.0,3.454906,4994800
2002-06-11,4.05,4.15,3.47,3.55,3.066229,3822500
2002-06-12,3.64,4.69,3.64,4.58,3.955868,8570400
2002-06-13,4.58,5.3,4.4,4.86,4.19771,4616600
2002-06-14,4.76,5.0,4.5,4.97,4.292719,3428100
2002-06-17,5.07,5.15,5.0,5.08,4.387731,3133600
2002-06-18,5.04,5.2,4.99,5.02,4.335907,2772300
2002-06-19,5.15,5.85,5.06,5.28,4.560475,6569400
2002-06-20,5.3,5.38,4.81,4.84,4.180437,3228300
2002-06-21,4.7,5.09,4.55,4.6,3.9731400000000003,3614000
2002-06-24,4.59,4.6,3.84,4.13,3.56719,4814200
2002-06-25,4.16,4.26,4.0,4.03,3.480818,3335300
2002-06-26,3.76,4.42,3.62,4.31,3.72266,4423000
2002-06-27,4.4,4.98,4.38,4.98,4.3013580000000005,4475200
2002-06-28,4.88,5.5,4.85,5.42,4.681398000000001,7194600
2002-07-01,5.42,5.48,4.59,4.61,3.981778,3211700
2002-07-02,4.55,4.6,3.95,4.0,3.454906,3530800
2002-07-03,3.95,4.09,3.77,3.98,3.4376309999999997,3538100
2002-07-05,4.1,4.2,4.07,4.14,3.575828,1098100
2002-07-08,4.2,4.25,3.9,4.05,3.498093,2057100
2002-07-09,4.0,4.13,3.78,3.78,3.264886,2252400
2002-07-10,3.88,3.98,3.73,3.92,3.385807,1933600
2002-07-11,3.82,3.95,3.53,3.54,3.057591,3167600
2002-07-12,3.58,3.7,3.23,3.34,2.884846,5478000
2002-07-15,3.34,3.41,3.1,3.25,2.807111,3458300
2002-07-16,3.25,3.37,3.11,3.12,2.694827,3894000
2002-07-17,3.2,3.4,2.5,3.1,2.677552,9565500
2002-07-18,3.0,3.0,2.6,2.79,2.409797,4608300
2002-07-19,2.69,3.14,2.6,3.03,2.617091,3549400
2002-07-22,3.07,3.1,2.76,2.9,2.504807,2337400
2002-07-23,2.95,2.95,2.23,2.24,1.9347470000000002,4394600
2002-07-24,2.21,2.8,2.2,2.45,2.11613,3765300
2002-07-25,2.25,2.65,1.62,1.77,1.5287959999999998,6617900
2002-07-26,1.77,1.82,1.16,1.56,1.347413,6435300
2002-07-29,1.65,2.32,1.63,2.2,1.9001990000000002,6706500
2002-07-30,2.3,2.35,1.94,2.12,1.8311,6054000
2002-07-31,2.02,2.19,1.9,2.05,1.7706389999999999,3189300
2002-08-01,2.0,2.24,1.98,2.12,1.8311,3639500
2002-08-02,2.22,2.25,1.99,2.15,1.8570119999999999,2924100
2002-08-05,2.11,2.18,2.0,2.06,1.7792759999999999,1576400
2002-08-06,2.09,2.29,1.95,1.96,1.6929040000000002,3692900
2002-08-07,2.01,2.08,1.6,1.8,1.554708,2603900
2002-08-08,2.19,2.19,1.88,2.09,1.805188,4161700
2002-08-09,2.15,2.31,2.09,2.25,1.943384,2515800
2002-08-12,2.25,2.25,2.05,2.14,1.848375,1568600
2002-08-13,2.14,2.18,2.0,2.1,1.813826,2206700
2002-08-14,2.05,2.14,2.01,2.09,1.805188,1270400
2002-08-15,2.07,2.12,1.97,2.02,1.7447270000000001,1876900
2002-08-16,1.99,2.09,1.93,2.04,1.762002,1230200
2002-08-19,2.04,2.15,2.0,2.08,1.7965509999999998,1530600
2002-08-20,2.12,2.34,2.1,2.2,1.9001990000000002,3640300
2002-08-21,2.35,2.48,2.12,2.41,2.0815810000000003,3123400
2002-08-22,2.5,3.3,2.47,3.15,2.720739,9584900
2002-08-23,3.3,3.59,3.05,3.27,2.824385,5794200
2002-08-26,3.3,3.5,3.02,3.16,2.729376,3673300
2002-08-27,3.22,3.34,3.09,3.14,2.7121009999999997,3052400
2002-08-28,3.05,3.19,2.85,3.12,2.694827,2238500
2002-08-29,3.12,3.25,2.99,3.19,2.755287,1511100
2002-08-30,3.19,3.23,3.02,3.02,2.608454,1304700
2002-09-03,2.93,2.94,2.65,2.67,2.30615,2266400
2002-09-04,2.65,2.79,2.53,2.57,2.219777,1751700
2002-09-05,2.55,2.88,2.5,2.69,2.323424,2412600
2002-09-06,2.85,2.9,2.74,2.76,2.383885,1264400
2002-09-09,2.66,2.79,2.55,2.76,2.383885,1412200
2002-09-10,2.66,2.99,2.61,2.82,2.435709,2236100
2002-09-11,2.83,3.25,2.81,3.13,2.703464,2002700
2002-09-12,3.1,3.3,3.06,3.07,2.65164,2141000
2002-09-13,2.92,3.2,2.91,3.16,2.729376,1479600
2002-09-16,3.11,3.2,2.94,2.95,2.547992,1214400
2002-09-17,3.05,3.11,2.94,3.05,2.634366,2088900
2002-09-18,3.06,3.06,2.83,3.03,2.617091,1660500
2002-09-19,2.95,3.01,2.75,2.75,2.375248,1293800
2002-09-20,2.76,2.95,2.68,2.92,2.522081,3561100
2002-09-23,2.75,2.85,2.51,2.54,2.193865,2382700
2002-09-24,2.58,2.58,2.35,2.42,2.090219,1715500
2002-09-25,2.52,2.62,2.27,2.5,2.159316,2518700
2002-09-26,2.4,2.67,2.37,2.62,2.262963,2255700
2002-09-27,2.62,2.63,2.44,2.46,2.124767,1748700
2002-09-30,2.36,2.52,2.3,2.51,2.167953,1881000
2002-10-01,2.45,2.57,2.36,2.57,2.219777,1931700
2002-10-02,2.5,2.61,2.46,2.57,2.219777,937600
2002-10-03,2.7,2.83,2.0,2.09,1.805188,4859200
2002-10-04,2.11,2.18,1.66,1.98,1.7101790000000001,4957600
2002-10-07,1.85,1.94,1.69,1.73,1.4942469999999999,4637600
2002-10-08,1.78,1.78,1.2,1.28,1.1055700000000002,7673200
2002-10-09,1.35,1.35,1.02,1.1,0.950099,6475200
2002-10-10,1.02,1.2,1.0,1.16,1.001923,4242100
2002-10-11,1.22,1.5,1.22,1.44,1.243766,2476000
2002-10-14,1.45,1.5,1.25,1.39,1.20058,1797900
2002-10-15,1.43,1.45,1.16,1.19,1.027835,4709200
2002-10-16,1.18,1.27,0.93,0.95,0.8205399999999999,13289700
2002-10-17,1.0,1.09,0.92,1.05,0.906913,8237900
2002-10-18,1.1,1.4,1.0,1.29,1.114207,5025800
2002-10-21,1.3,1.47,1.25,1.36,1.174668,3096600
2002-10-22,1.36,1.38,1.15,1.37,1.1833049999999998,2950700
2002-10-23,1.3,1.34,1.21,1.34,1.1573930000000001,2201500
2002-10-24,1.32,1.49,1.25,1.28,1.1055700000000002,4366300
2002-10-25,1.2,1.33,1.18,1.18,1.019197,2706400
2002-10-28,1.2,1.29,1.16,1.23,1.062383,1959300
2002-10-29,1.18,1.26,1.15,1.24,1.071021,2304700
2002-10-30,1.22,1.28,1.21,1.27,1.096933,1701300
2002-10-31,1.35,1.77,1.29,1.77,1.5287959999999998,5704700
2002-11-01,1.67,2.1,1.55,1.98,1.7101790000000001,4456200
2002-11-04,2.08,2.27,1.73,1.85,1.5978940000000001,3768500
2002-11-05,1.88,2.05,1.88,2.01,1.7360900000000001,2429600
2002-11-06,2.05,2.32,2.03,2.29,1.977934,2806300
2002-11-07,2.3,2.49,1.9,1.92,1.658355,3986800
2002-11-08,1.92,2.09,1.9,1.99,1.7188150000000002,1937300
2002-11-11,1.99,2.07,1.52,1.54,1.330139,4149800
2002-11-12,1.59,1.7,1.55,1.56,1.347413,2119400
2002-11-13,1.5,1.71,1.46,1.53,1.321501,2611700
2002-11-14,1.57,1.67,1.51,1.54,1.330139,2413000
2002-11-15,1.51,1.52,1.34,1.52,1.312864,6812800
2002-11-18,1.55,1.61,1.45,1.51,1.304227,2844700
2002-11-19,1.5,1.5,1.31,1.31,1.131481,3327700
2002-11-20,1.31,1.45,1.31,1.41,1.217854,3392500
2002-11-21,1.46,1.59,1.46,1.54,1.330139,4717400
2002-11-22,1.6,1.9,1.55,1.77,1.5287959999999998,5728400
2002-11-25,1.95,2.25,1.82,2.24,1.9347470000000002,8041700
2002-11-26,2.48,3.2,2.0,2.11,1.8224630000000002,6688500
2002-11-27,2.15,2.4,2.15,2.28,1.969296,4640300
2002-11-29,2.33,2.45,2.01,2.12,1.8311,7566400
2002-12-02,2.15,2.61,2.15,2.52,2.176591,7095300
2002-12-03,2.54,2.89,2.4,2.75,2.375248,5580900
2002-12-04,2.55,3.08,2.52,3.08,2.6602770000000002,7705400
2002-12-05,3.1,3.14,2.7,2.75,2.375248,4771800
2002-12-06,2.73,2.73,2.53,2.59,2.2370509999999997,3203300
2002-12-09,2.43,2.82,2.3,2.72,2.349336,3494800
2002-12-10,2.82,2.99,2.72,2.95,2.547992,3908600
2002-12-11,2.99,3.21,2.82,2.98,2.573905,3842300
2002-12-12,2.89,3.27,2.86,3.21,2.7725619999999997,4336600
2002-12-13,3.31,3.99,3.22,3.25,2.807111,9501700
2002-12-16,3.45,3.65,3.25,3.4,2.936671,5152200
2002-12-17,3.59,3.6,3.33,3.47,2.997131,3218800
2002-12-18,3.5,3.62,3.46,3.57,3.083504,2707800
2002-12-19,3.66,3.66,3.17,3.28,2.833022,3574100
2002-12-20,3.28,3.31,2.9,3.1,2.677552,4429200
2002-12-23,3.0,3.05,2.61,2.82,2.435709,3866800
2002-12-24,2.82,3.04,2.71,2.95,2.547992,1097900
2002-12-26,3.0,3.05,2.91,3.03,2.617091,1377200
2002-12-27,3.0,3.07,2.29,2.92,2.522081,1350800
2002-12-30,2.98,3.0,2.85,2.95,2.547992,1560700
2002-12-31,2.94,3.02,2.79,3.02,2.608454,2940200
2003-01-02,3.06,3.24,2.85,3.24,2.798474,3062200
2003-01-03,3.32,3.47,3.15,3.45,2.979857,2663300
2003-01-06,3.48,3.5,3.3,3.45,2.979857,2209600
2003-01-07,3.48,3.49,3.29,3.37,2.910758,2721400
2003-01-08,3.28,3.56,3.28,3.35,2.893484,3743000
2003-01-09,3.36,3.49,3.31,3.49,3.014405,3416200
2003-01-10,3.45,3.49,3.32,3.36,2.90212,4131400
2003-01-13,3.36,3.49,3.34,3.48,3.005768,1928000
2003-01-14,3.48,3.74,3.45,3.68,3.178514,4756800
2003-01-15,3.67,3.89,3.59,3.88,3.3512589999999998,4145600
2003-01-16,3.93,4.1,3.91,4.0,3.454906,6963100
2003-01-17,3.94,4.06,3.81,4.04,3.4894550000000004,2600600
2003-01-21,4.0,4.02,3.77,3.96,3.420357,2108200
2003-01-22,3.8,3.88,3.56,3.6,3.1094150000000003,2343600
2003-01-23,3.65,3.85,3.5,3.72,3.213063,2124600
2003-01-24,3.7,3.7,3.34,3.38,2.919395,3115100
2003-01-27,3.22,3.41,3.03,3.15,2.720739,2917800
2003-01-28,2.9,4.3,2.86,3.48,3.005768,3714200
2003-01-29,3.35,3.71,3.31,3.61,3.1180529999999997,2222400
2003-01-30,3.67,3.69,3.5,3.58,3.092141,2568700
2003-01-31,3.53,3.63,3.4,3.47,2.997131,4079100
2003-02-03,3.5,3.55,3.3,3.4,2.936671,1984900
2003-02-04,3.3,3.35,3.21,3.29,2.84166,1655900
2003-02-05,3.37,3.38,3.05,3.05,2.634366,1577700
2003-02-06,3.08,3.3,3.01,3.26,2.815748,1784100
2003-02-07,3.28,3.35,2.89,2.99,2.5825419999999997,2425600
2003-02-10,3.0,3.06,2.63,2.72,2.349336,2642600
2003-02-11,2.8,3.05,2.73,2.96,2.5566299999999997,1829100
2003-02-12,3.0,3.05,2.78,2.83,2.444346,1884700
2003-02-13,2.88,3.47,2.85,3.39,2.928033,5702500
2003-02-14,3.32,3.5,3.15,3.2,2.763925,3400500
2003-02-18,3.28,3.3,3.06,3.14,2.7121009999999997,1887000
2003-02-19,3.14,3.27,3.11,3.12,2.694827,1580900
2003-02-20,3.19,3.35,3.16,3.28,2.833022,1738800
2003-02-21,3.4,3.44,3.2,3.41,2.945307,1345100
2003-02-24,3.45,3.48,3.3,3.33,2.876209,1637700
2003-02-25,3.17,3.43,3.17,3.23,2.789836,1670800
2003-02-26,3.33,3.38,3.25,3.31,2.858935,1652400
2003-02-27,3.21,3.3,3.15,3.16,2.729376,1666600
2003-02-28,3.2,3.46,3.18,3.32,2.867571,1869700
2003-03-03,3.42,3.48,3.36,3.38,2.919395,1518600
2003-03-04,3.3,3.4,3.25,3.27,2.824385,1137900
2003-03-05,3.29,3.3,3.22,3.3,2.8502970000000003,1073800
2003-03-06,3.3,3.38,3.26,3.3,2.8502970000000003,1974600
2003-03-07,3.22,3.3,3.21,3.23,2.789836,1342200
2003-03-10,3.25,3.31,3.17,3.18,2.746649,998900
2003-03-11,3.15,3.22,3.15,3.17,2.738013,1506100
2003-03-12,3.18,3.19,2.91,3.04,2.625729,2301400
2003-03-13,3.28,3.28,3.01,3.2,2.763925,2569300
2003-03-14,3.22,3.27,3.06,3.12,2.694827,1528200
2003-03-17,3.12,3.21,3.06,3.18,2.746649,1616700
2003-03-18,3.18,3.37,3.14,3.37,2.910758,2209500
2003-03-19,3.39,3.49,3.22,3.39,2.928033,2108000
2003-03-20,3.25,3.31,3.18,3.22,2.781199,2734500
2003-03-21,3.21,3.31,3.15,3.31,2.858935,3628400
2003-03-24,3.27,3.32,3.16,3.28,2.833022,1575200
2003-03-25,3.31,3.74,3.29,3.68,3.178514,4503900
2003-03-26,3.68,3.8,3.48,3.57,3.083504,4846400
2003-03-27,3.52,3.72,3.5,3.63,3.135328,2096600
2003-03-28,3.6,3.67,3.52,3.62,3.12669,1869500
2003-03-31,3.52,3.75,3.51,3.62,3.12669,2226100
2003-04-01,3.77,3.81,3.68,3.75,3.2389740000000002,2748900
2003-04-02,3.9,3.98,3.88,3.9,3.3685339999999995,5386300
2003-04-03,3.91,4.08,3.51,4.0,3.454906,2976100
2003-04-04,4.2,4.75,4.18,4.7,4.059514,7532600
2003-04-07,4.98,5.1,4.71,4.78,4.128613,5357200
2003-04-08,4.55,4.7,4.35,4.55,3.929955,2493400
2003-04-09,4.65,4.82,4.35,4.46,3.852221,2274300
2003-04-10,4.47,4.52,4.25,4.35,3.7572099999999997,2219700
2003-04-11,4.37,4.48,4.29,4.29,3.7053870000000004,1435300
2003-04-14,4.29,4.49,4.29,4.44,3.834945,1997700
2003-04-15,4.48,4.6,4.31,4.45,3.843582,2536400
2003-04-16,4.45,4.5,4.37,4.41,3.8090339999999996,2463500
2003-04-17,4.48,4.51,4.46,4.46,3.852221,2332000
2003-04-21,4.43,4.68,4.43,4.62,3.990417,2293300
2003-04-22,4.6,5.0,4.53,5.0,4.318632,3180100
2003-04-23,5.01,5.18,4.8,4.96,4.284082,4255100
2003-04-24,4.99,5.4,4.92,5.38,4.646848,3706600
2003-04-25,5.49,5.77,5.41,5.45,4.707308,4278000
2003-04-28,5.55,5.7,5.46,5.66,4.888691000000001,3716400
2003-04-29,5.75,6.02,5.71,5.99,5.173721,4761400
2003-04-30,5.99,6.18,5.7,6.01,5.190996,4351500
2003-05-01,6.1,6.25,5.82,5.96,5.14781,4522500
2003-05-02,6.1,6.9,6.0,6.89,5.951075,8137700
2003-05-05,6.8,6.8,6.38,6.47,5.588311,4558100
2003-05-06,6.37,6.49,6.01,6.17,5.329191000000001,4691600
2003-05-07,6.12,6.3,5.82,6.25,5.398291,3490900
2003-05-08,6.18,6.25,5.95,6.24,5.389653,2580700
2003-05-09,6.26,6.55,6.26,6.55,5.657408,3035100
2003-05-12,6.56,6.96,6.45,6.95,6.0029,3312300
2003-05-13,6.85,6.96,6.61,6.7,5.786967,2857400
2003-05-14,6.88,6.94,6.65,6.79,5.8647029999999996,2137200
2003-05-15,6.88,6.98,6.74,6.93,5.985623,2813500
2003-05-16,6.95,7.5,6.85,7.39,6.382939,5480400
2003-05-19,7.31,7.47,7.16,7.29,6.296565,3277400
2003-05-20,7.34,7.54,7.2,7.38,6.3743,3007100
2003-05-21,7.14,7.2,6.74,6.9,5.959713,4253000
2003-05-22,6.73,7.24,6.71,7.04,6.080634,2918400
2003-05-23,7.14,7.39,7.01,7.32,6.322478,2939300
2003-05-27,7.23,7.94,7.21,7.93,6.84935,4379100
2003-05-28,7.94,8.1,7.61,7.65,6.607508,3080700
2003-05-29,7.64,8.02,7.64,7.93,6.84935,3870400
2003-05-30,8.02,8.11,7.79,7.92,6.840714,3630800
2003-06-02,8.01,8.1,8.0,8.1,6.996186,3257600
2003-06-03,7.95,8.1,7.88,8.1,6.996186,2952300
2003-06-04,8.05,8.38,7.99,8.3,7.168931,2299100
2003-06-05,8.29,8.44,8.15,8.37,7.229391000000001,2321700
2003-06-06,8.45,8.49,7.72,7.83,6.7629779999999995,3679700
2003-06-09,7.85,8.14,7.74,8.05,6.952999,2396200
2003-06-10,8.0,8.14,7.57,7.67,6.624781,3546600
2003-06-11,7.64,7.99,7.56,7.94,6.857989,2871200
2003-06-12,7.97,8.16,7.91,8.05,6.952999,1943800
2003-06-13,8.12,8.15,7.91,7.97,6.8839,1554900
2003-06-16,8.07,8.2,7.96,8.2,7.082557,2601400
2003-06-17,8.2,8.2,7.39,7.39,6.382939,9245800
2003-06-18,7.03,7.38,7.0,7.15,6.175644,16101700
2003-06-19,7.22,7.38,7.18,7.2,6.218831,5874500
2003-06-20,7.32,7.32,6.55,6.93,5.985623,17368900
2003-06-23,6.8,6.88,6.31,6.48,5.596948,7542200
2003-06-24,6.58,6.67,6.0,6.35,5.484662,5652000
2003-06-25,6.45,6.87,6.35,6.6,5.700594000000001,5477800
2003-06-26,6.65,6.8,6.51,6.59,5.6919580000000005,4080700
2003-06-27,6.6,6.65,6.35,6.38,5.510573,3979900
2003-06-30,6.41,6.58,6.33,6.35,5.484662,4696100
2003-07-01,6.3,6.35,6.1,6.28,5.424201,3524700
2003-07-02,6.57,6.97,6.47,6.95,6.0029,7314300
2003-07-03,6.95,7.17,6.89,7.14,6.167007,3803100
2003-07-07,7.4,7.47,7.22,7.28,6.287928,3315800
2003-07-08,7.22,7.3,7.11,7.17,6.192919,2288500
2003-07-09,7.17,7.37,7.12,7.25,6.262017,2683200
2003-07-10,7.2,7.2,6.83,7.0,6.046085,2671800
2003-07-11,7.05,7.13,7.0,7.05,6.089272,2401400
2003-07-14,7.05,7.3,7.01,7.1,6.132457,2711600
2003-07-15,7.05,7.13,6.76,7.05,6.089272,2945600
2003-07-16,7.1,7.1,6.9,6.97,6.020173000000001,2498900
2003-07-17,6.9,6.97,6.84,6.92,5.976986,2485600
2003-07-18,7.0,7.09,6.85,6.9,5.959713,2052300
2003-07-21,6.8,6.82,6.5,6.51,5.622859,2418200
2003-07-22,6.52,6.93,6.46,6.84,5.907889,2244600
2003-07-23,6.95,6.95,6.64,6.68,5.769692,1013100
2003-07-24,6.85,7.03,6.65,6.91,5.96835,3299600
2003-07-25,6.95,6.99,6.71,6.85,5.916525,1877200
2003-07-28,6.75,6.83,6.67,6.73,5.812880000000001,1721000
2003-07-29,6.72,6.82,6.58,6.59,5.6919580000000005,1991400
2003-07-30,6.69,6.75,6.22,6.3,5.441477,2673900
2003-07-31,6.35,6.45,6.22,6.29,5.432840000000001,2963900
2003-08-01,6.29,6.3,5.99,6.08,5.251457,2062500
2003-08-04,6.0,6.03,5.5,5.98,5.165083,4401900
2003-08-05,5.99,6.2,5.8,6.01,5.190996,2413500
2003-08-06,6.02,6.12,5.84,6.0,5.182359,2565100
2003-08-07,6.0,6.0,5.86,5.91,5.104623999999999,1997700
2003-08-08,5.94,6.11,5.9,6.04,5.216908,1117500
2003-08-11,6.0,6.1,5.98,6.04,5.216908,1159100
2003-08-12,6.07,6.26,6.07,6.25,5.398291,1534000
2003-08-13,6.3,6.38,6.15,6.33,5.467389,1399900
2003-08-14,6.4,6.4,6.2,6.34,5.476025,1626600
2003-08-15,6.33,6.37,6.11,6.26,5.406927,670600
2003-08-18,6.27,6.34,6.12,6.12,5.286005,1144500
2003-08-19,6.16,6.21,6.0,6.13,5.294643,1570300
2003-08-20,6.13,6.55,6.1,6.42,5.5451239999999995,2419200
2003-08-21,6.49,6.69,6.38,6.61,5.709231,2232700
2003-08-22,6.7,6.85,6.52,6.53,5.6401330000000005,1699700
2003-08-25,6.4,6.48,6.23,6.29,5.432840000000001,1290900
2003-08-26,6.23,6.33,6.15,6.22,5.3723790000000005,1714700
2003-08-27,6.22,6.39,6.15,6.33,5.467389,1084600
2003-08-28,6.26,6.37,6.21,6.33,5.467389,1915800
2003-08-29,6.28,6.49,6.28,6.48,5.596948,1331000
2003-09-02,6.6,6.72,6.42,6.63,5.726506,2495700
2003-09-03,6.62,6.8,6.55,6.69,5.77833,1907500
2003-09-04,6.7,7.0,6.7,6.97,6.020173000000001,3597900
2003-09-05,6.92,7.12,6.84,7.1,6.132457,2902900
2003-09-08,7.08,7.38,7.07,7.19,6.210193,2127700
2003-09-09,7.37,7.38,7.04,7.05,6.089272,3272800
2003-09-10,7.03,7.1,6.87,6.89,5.951075,1678100
2003-09-11,6.95,7.14,6.92,7.09,6.1238209999999995,2979600
2003-09-12,7.09,7.26,7.03,7.23,6.244743,1720100
2003-09-15,7.13,7.27,7.1,7.26,6.2706550000000005,1664800
2003-09-16,7.26,7.75,7.25,7.7,6.6506929999999995,4872600
2003-09-17,7.28,7.66,7.28,7.42,6.40885,3647500
2003-09-18,7.44,7.71,7.41,7.5,6.4779480000000005,2600200
2003-09-19,7.43,7.54,7.33,7.48,6.460674,2057600
2003-09-22,7.33,7.5,7.31,7.48,6.460674,1216200
2003-09-23,7.46,7.64,7.39,7.5,6.4779480000000005,1258100
2003-09-24,7.43,7.6,7.05,7.06,6.097908,4393000
2003-09-25,7.12,7.51,7.12,7.15,6.175644,4179800
2003-09-26,7.06,7.54,7.06,7.5,6.4779480000000005,3615000
2003-09-29,7.5,7.53,7.21,7.37,6.365664,2258600
2003-09-30,7.27,7.46,7.22,7.42,6.40885,1863000
2003-10-01,7.43,7.6,7.42,7.58,6.547046,2435300
2003-10-02,7.55,7.66,7.5,7.57,6.53841,1134600
2003-10-03,7.7,7.99,7.65,7.94,6.857989,3693900
2003-10-06,7.95,7.97,7.69,7.84,6.771615,1867900
2003-10-07,7.75,7.97,7.63,7.97,6.8839,2707400
2003-10-08,7.99,8.05,7.9,7.95,6.866625,1496700
2003-10-09,7.95,8.07,7.9,7.91,6.832076,1678600
2003-10-10,7.9,8.0,7.78,7.83,6.7629779999999995,1266800
2003-10-13,7.83,8.08,7.83,8.07,6.970273,2441000
2003-10-14,8.04,8.19,8.01,8.19,7.073919,1354800
2003-10-15,8.13,8.2,7.84,7.9,6.82344,1766600
2003-10-16,7.85,8.25,7.85,8.2,7.082557,2198400
2003-10-17,8.25,8.28,7.98,8.03,6.935722999999999,1658600
2003-10-20,8.0,8.25,8.0,8.25,7.125742,1103800
2003-10-21,8.12,8.22,8.04,8.04,6.944361,1271300
2003-10-22,7.75,8.03,7.75,7.84,6.771615,1727200
2003-10-23,7.8,7.96,7.75,7.96,6.875261999999999,866900
2003-10-24,7.9,8.15,7.87,8.14,7.030735000000001,1453700
2003-10-27,8.16,8.25,7.94,7.99,6.901173,955200
2003-10-28,8.03,8.15,7.96,8.15,7.039371000000001,1416400
2003-10-29,8.1,8.15,8.02,8.13,7.0220970000000005,1110700
2003-10-30,8.16,8.9,8.11,8.89,7.678527000000001,5245800
2003-10-31,8.97,8.97,8.53,8.75,7.557606,2496800
2003-11-03,8.77,8.84,8.61,8.84,7.635342,1866600
2003-11-04,8.84,9.19,8.79,9.07,7.833997999999999,3492700
2003-11-05,9.05,9.16,8.85,8.87,7.661252,2252300
2003-11-06,8.86,8.9,8.6,8.63,7.453958,3058400
2003-11-07,8.7,9.08,8.6,9.04,7.808086,2630800
2003-11-10,9.02,9.07,8.69,8.71,7.523058,1822200
2003-11-11,8.77,8.83,8.66,8.81,7.6094289999999996,1558300
2003-11-12,8.9,9.11,8.83,9.06,7.825360000000001,2241000
2003-11-13,9.11,9.16,8.9,9.01,7.782176,2417700
2003-11-14,9.04,9.05,8.87,8.92,7.704442,1359800
2003-11-17,8.77,8.82,8.57,8.65,7.471233,1921100
2003-11-18,8.65,8.85,8.45,8.47,7.315761999999999,1431200
2003-11-19,8.49,8.58,8.28,8.41,7.263941,2753100
2003-11-20,8.31,8.37,8.0,8.2,7.082557,2829000
2003-11-21,8.23,8.23,8.09,8.15,7.039371000000001,1534900
2003-11-24,8.25,8.53,8.21,8.39,7.246664999999999,1927900
2003-11-25,8.39,8.65,8.39,8.62,7.445321000000001,1697200
2003-11-26,8.65,8.79,8.64,8.75,7.557606,1626900
2003-11-28,8.78,8.89,8.75,8.87,7.661252,747100
2003-12-01,8.93,9.05,8.81,9.05,7.816724000000001,2024000
2003-12-02,9.05,9.05,8.8,8.8,7.6007940000000005,2335800
2003-12-03,8.81,8.83,8.15,8.21,7.091194000000001,5263000
2003-12-04,8.13,8.42,7.8,8.07,6.970273,4457700
2003-12-05,8.02,8.23,8.02,8.13,7.0220970000000005,2034000
2003-12-08,8.08,8.17,8.04,8.12,7.013458999999999,1894600
2003-12-09,8.17,8.25,8.0,8.05,6.952999,1816000
2003-12-10,8.05,8.09,7.8,7.91,6.832076,2987400
2003-12-11,7.96,8.03,7.85,7.88,6.806164999999999,2087400
2003-12-12,7.88,8.24,7.88,8.21,7.091194000000001,1710400
2003-12-15,8.45,8.45,8.2,8.39,7.246664999999999,2424300
2003-12-16,8.41,8.51,8.31,8.5,7.341676,2716800
2003-12-17,8.5,8.58,8.42,8.5,7.341676,2181000
2003-12-18,8.58,8.8,8.53,8.75,7.557606,2894200
2003-12-19,8.75,8.83,8.63,8.75,7.557606,1963400
2003-12-22,8.79,8.85,8.6,8.78,7.583517999999999,1207100
2003-12-23,8.78,8.95,8.77,8.94,7.721716000000001,1723200
2003-12-24,8.97,9.05,8.86,8.88,7.66989,1122700
2003-12-26,8.91,9.0,8.89,8.92,7.704442,368400
2003-12-29,8.89,9.4,8.88,9.29,8.024018,3100100
2003-12-30,9.32,9.5,9.3,9.5,8.205401,3129200
2003-12-31,9.47,9.5,9.4,9.44,8.153577,2192100
2004-01-02,9.44,9.5,9.35,9.48,8.188125999999999,1461800
2004-01-05,9.51,9.7,9.45,9.67,8.352238,2338400
2004-01-06,9.71,9.73,9.6,9.73,8.404057,2173700
2004-01-07,9.75,10.05,9.69,10.05,8.680449000000001,2577600
2004-01-08,10.05,10.11,9.81,9.98,8.619989,2182700
2004-01-09,9.94,10.15,9.8,10.09,8.715000999999999,2762100
2004-01-12,10.04,10.2,10.01,10.08,8.706363,1758200
2004-01-13,10.1,10.13,9.88,9.96,8.602715,1841600
2004-01-14,10.0,10.08,9.95,10.0,8.637264,1630500
2004-01-15,10.01,10.02,9.9,9.91,8.559529,1830800
2004-01-16,9.91,10.02,9.91,9.98,8.619989,3432700
2004-01-20,9.98,10.39,9.97,10.37,8.956842,3123400
2004-01-21,10.45,10.74,10.33,10.71,9.250509,2880300
2004-01-22,10.73,10.76,10.55,10.65,9.198688,1462200
2004-01-23,10.75,10.77,10.55,10.68,9.224599000000001,1562100
2004-01-26,10.74,10.77,10.35,10.68,9.224599000000001,1430400
2004-01-27,10.66,10.85,10.51,10.57,9.129589,2910200
2004-01-28,10.51,10.65,10.4,10.4,8.982753,2485400
2004-01-29,10.43,10.5,9.29,9.62,8.309047999999999,6834800
2004-01-30,9.8,9.89,9.25,9.76,8.429967,3142400
2004-02-02,9.7,9.87,9.22,9.44,8.153577,4001200
2004-02-03,9.25,9.6,9.25,9.57,8.265862,1461700
2004-02-04,9.5,9.51,8.81,8.97,7.747628,4721600
2004-02-05,8.95,9.28,8.83,9.03,7.799448,4006900
2004-02-06,9.08,9.52,8.96,9.47,8.179489,2122200
2004-02-09,9.47,9.68,9.27,9.66,8.343596,2153300
2004-02-10,9.65,9.73,9.47,9.62,8.309047999999999,3106000
2004-02-11,9.53,9.61,9.36,9.52,8.222676,1998900
2004-02-12,9.25,9.55,9.25,9.4,8.119027,1589400
2004-02-13,9.32,9.44,9.1,9.12,7.877182,1713400
2004-02-17,9.19,9.35,9.16,9.23,7.972194,1219600
2004-02-18,9.3,9.38,9.2,9.25,7.989468,1659400
2004-02-19,9.24,9.31,9.19,9.23,7.972194,3904000
2004-02-20,9.27,9.29,8.99,9.08,7.842633999999999,4116300
2004-02-23,9.1,9.1,8.82,8.86,7.652617,2182800
2004-02-24,8.5,8.7,8.42,8.57,7.402135,2932100
2004-02-25,8.57,8.99,8.51,8.96,7.738989999999999,1619600
2004-02-26,8.76,9.03,8.73,8.95,7.73035,2189800
2004-02-27,8.0,9.18,8.0,9.06,7.825360000000001,3933700
2004-03-01,9.06,9.17,8.94,8.99,7.764902,2523500
2004-03-02,8.96,9.0,8.76,8.86,7.652617,1929300
2004-03-03,8.8,8.88,8.64,8.69,7.505783,1524600
2004-03-04,8.77,8.85,8.65,8.82,7.618069,1022200
2004-03-05,8.67,8.82,8.67,8.75,7.557606,1314900
2004-03-08,8.65,8.75,8.53,8.56,7.393499,1530700
2004-03-09,8.42,8.51,8.33,8.41,7.263941,1534000
2004-03-10,8.51,8.6,8.12,8.16,7.048008,2329700
2004-03-11,7.7,8.3,7.65,8.02,6.927086999999999,5182900
2004-03-12,7.95,8.12,7.9,8.1,6.996186,1857600
2004-03-15,8.12,8.12,7.87,8.1,6.996186,2758400
2004-03-16,8.1,8.41,8.09,8.41,7.263941,2922500
2004-03-17,8.51,8.93,8.51,8.8,7.6007940000000005,2582700
2004-03-18,8.7,8.76,8.52,8.67,7.488508,1508900
2004-03-19,8.53,8.71,8.46,8.6,7.428049000000001,1535500
2004-03-22,8.31,8.4,8.2,8.29,7.160292,1380300
2004-03-23,8.28,8.32,8.0,8.19,7.073919,2189300
2004-03-24,8.15,8.33,8.03,8.22,7.099831,2109400
2004-03-25,8.28,8.39,8.17,8.28,7.151655,1762700
2004-03-26,8.25,8.38,8.21,8.25,7.125742,1821700
2004-03-29,8.3,8.4,8.21,8.34,7.203479,1727900
2004-03-30,8.24,8.55,8.18,8.51,7.350313000000001,1854000
2004-03-31,8.48,8.62,8.36,8.53,7.3675880000000005,1481200
2004-04-01,8.63,8.64,8.42,8.48,7.324400999999999,2936000
2004-04-02,8.58,8.74,8.48,8.67,7.488508,2437700
2004-04-05,8.57,8.71,8.48,8.7,7.514419999999999,1743900
2004-04-06,8.6,8.83,8.5,8.8,7.6007940000000005,1924500
2004-04-07,8.8,8.83,8.57,8.8,7.6007940000000005,1771700
2004-04-08,8.8,8.89,8.55,8.59,7.419410000000001,1361300
2004-04-12,8.56,8.56,8.24,8.5,7.341676,3034600
2004-04-13,8.45,8.5,8.24,8.37,7.229391000000001,2906000
2004-04-14,8.27,8.45,8.15,8.39,7.246664999999999,1885500
2004-04-15,8.29,8.45,8.0,8.1,6.996186,3722000
2004-04-16,8.05,8.1,7.95,8.04,6.944361,2863400
2004-04-19,7.96,8.05,7.87,7.89,6.814802,2430800
2004-04-20,7.9,8.01,7.75,7.77,6.711155000000001,2106900
2004-04-21,7.78,7.81,7.6,7.69,6.642057,2048100
2004-04-22,7.74,7.96,7.7,7.93,6.84935,1992900
2004-04-23,7.92,7.95,7.7,7.87,6.7975270000000005,1549200
2004-04-26,7.87,7.92,7.68,7.76,6.7025179999999995,1908300
2004-04-27,7.82,7.89,7.56,7.7,6.6506929999999995,1898800
2004-04-28,8.0,8.58,7.91,8.58,7.410774000000001,5654000
2004-04-29,8.7,9.16,8.4,8.52,7.358950999999999,6017300
2004-04-30,8.5,8.82,8.45,8.67,7.488508,2151900
2004-05-03,8.57,9.04,8.56,9.0,7.773536,3456300
2004-05-04,9.0,9.09,8.9,9.05,7.816724000000001,2618200
2004-05-05,9.0,9.09,8.77,8.89,7.678527000000001,2664900
2004-05-06,8.87,8.93,8.5,8.68,7.497146000000001,2391900
2004-05-07,8.38,8.74,8.27,8.28,7.151655,1876700
2004-05-10,8.15,8.24,7.9,7.99,6.901173,2878300
2004-05-11,7.94,8.17,7.88,8.12,7.013458999999999,2065600
2004-05-12,8.27,8.28,7.9,8.11,7.004821000000001,1941700
2004-05-13,8.15,8.3,8.13,8.18,7.065283999999999,1785100
2004-05-14,8.22,8.3,8.1,8.23,7.108466,1909500
2004-05-17,8.07,8.23,7.88,8.02,6.927086999999999,2236100
2004-05-18,8.0,8.16,7.85,7.88,6.806164999999999,1862300
2004-05-19,8.05,8.14,7.78,7.83,6.7629779999999995,2085700
2004-05-20,7.93,8.23,7.93,8.15,7.039371000000001,3159300
2004-05-21,8.14,8.22,8.0,8.08,6.978909,2600500
2004-05-24,8.18,8.56,8.18,8.5,7.341676,3702100
2004-05-25,8.5,8.96,8.25,8.88,7.66989,3357800
2004-05-26,9.0,9.04,8.86,9.01,7.782176,2154800
2004-05-27,9.0,9.3,9.0,9.19,7.937644000000001,3786100
2004-05-28,9.19,9.49,9.11,9.34,8.067205,8759900
2004-06-01,9.24,9.32,8.95,9.23,7.972194,2733700
2004-06-02,9.26,9.58,9.23,9.34,8.067205,3466200
2004-06-03,9.3,9.42,9.05,9.06,7.825360000000001,2635000
2004-06-04,9.06,9.34,9.06,9.27,8.006745,1269000
2004-06-07,9.27,9.54,9.27,9.52,8.222676,2073300
2004-06-08,9.52,9.52,9.37,9.47,8.179489,1367900
2004-06-09,9.5,9.51,9.31,9.4,8.119027,1813500
2004-06-10,9.4,9.43,9.18,9.23,7.972194,1681500
2004-06-14,9.13,9.33,9.11,9.3,8.032656,2048300
2004-06-15,9.33,9.72,9.33,9.6,8.291772,3220400
2004-06-16,9.64,9.67,9.52,9.56,8.257225,1412000
2004-06-17,9.52,9.96,9.51,9.93,8.576803,4007200
2004-06-18,9.94,10.0,9.81,9.81,8.473158,3721500
2004-06-21,9.82,9.92,9.74,9.79,8.455882,2235000
2004-06-22,9.75,10.02,9.74,9.97,8.611353,1856400
2004-06-23,9.98,10.04,9.93,9.94,8.585439,1987600
2004-06-24,9.95,10.05,9.88,9.88,8.533619,1771300
2004-06-25,9.98,10.15,9.93,10.15,8.766824,6539100
2004-06-28,10.16,10.24,9.93,9.96,8.602715,2353300
2004-06-29,10.0,10.06,9.84,9.86,8.516341,1677200
2004-06-30,9.79,9.93,9.7,9.93,8.576803,1935700
2004-07-01,9.87,9.98,9.66,9.73,8.404057,2132500
2004-07-02,9.74,9.91,9.73,9.85,8.507705999999999,1838100
2004-07-06,9.88,9.9,9.73,9.81,8.473158,1270300
2004-07-07,9.81,10.0,9.81,9.99,8.628627999999999,1070600
2004-07-08,9.99,10.0,9.85,9.89,8.542256,965300
2004-07-09,9.89,9.97,9.85,9.93,8.576803,1583900
2004-07-12,9.9,10.02,9.79,10.01,8.645902,1568600
2004-07-13,10.0,10.23,9.98,10.21,8.818647,2057700
2004-07-14,10.2,10.38,10.07,10.31,8.90502,2692700
2004-07-15,10.29,10.34,10.16,10.19,8.801373,1629600
2004-07-16,10.27,10.27,10.12,10.18,8.792736,1465300
2004-07-19,10.19,10.25,10.05,10.22,8.827285,1114700
2004-07-20,10.18,10.28,10.11,10.28,8.879108,1529300
2004-07-21,10.25,10.29,9.5,9.55,8.248586,3531600
2004-07-22,9.45,9.82,9.45,9.74,8.412697,2958300
2004-07-23,9.74,9.74,9.54,9.58,8.2745,1349200
2004-07-26,9.64,9.78,9.44,9.56,8.257225,1805800
2004-07-27,9.56,9.76,9.52,9.75,8.421332000000001,2449700
2004-07-28,9.75,9.84,9.11,9.63,8.317685,1986000
2004-07-29,9.9,9.95,9.5,9.65,8.334959,2494600
2004-07-30,9.68,9.71,9.64,9.65,8.334959,1635000
2004-08-02,9.68,9.7,9.57,9.65,8.334959,1724800
2004-08-03,9.6,9.7,9.59,9.66,8.343596,1167300
2004-08-04,9.69,9.69,9.39,9.47,8.179489,1416400
2004-08-05,9.4,9.45,9.23,9.24,7.980834,1395600
2004-08-06,9.09,9.37,9.09,9.2,7.946280000000001,1203500
2004-08-09,9.17,9.45,9.17,9.4,8.119027,1745200
2004-08-10,9.32,9.43,9.22,9.37,8.093116,1583900
2004-08-11,9.35,9.52,9.21,9.51,8.214038,2015300
2004-08-12,9.41,9.5,9.33,9.46,8.170850999999999,990600
2004-08-13,9.4,9.56,9.33,9.56,8.257225,1542900
2004-08-16,9.5,9.86,9.47,9.82,8.481796000000001,2784900
2004-08-17,9.85,10.13,9.85,10.03,8.663177000000001,3456600
2004-08-18,9.93,10.01,9.76,9.96,8.602715,2129800
2004-08-19,9.91,10.0,9.86,9.94,8.585439,1189700
2004-08-20,9.9,10.3,9.88,10.26,8.861834,3968600
2004-08-23,10.23,10.35,10.09,10.1,8.723636,2199000
2004-08-24,10.15,10.15,9.94,9.99,8.628627999999999,2619900
2004-08-25,10.0,10.09,9.91,10.04,8.671813,1081100
2004-08-26,10.08,10.11,9.94,9.95,8.594077,1437800
2004-08-27,9.99,10.02,9.9,10.0,8.637264,1182100
2004-08-30,9.99,10.0,9.9,9.93,8.576803,680600
2004-08-31,9.93,10.13,9.9,10.09,8.715000999999999,1286500
2004-09-01,10.03,10.14,9.7,9.92,8.568164999999999,1571000
2004-09-02,10.02,10.11,9.95,10.08,8.706363,1087600
2004-09-03,10.11,10.15,9.94,9.94,8.585439,943400
2004-09-07,10.0,10.05,9.92,9.97,8.611353,1591000
2004-09-08,9.97,10.05,9.95,10.0,8.637264,1334700
2004-09-09,10.0,10.18,9.98,10.13,8.749549,1348600
2004-09-10,10.1,10.24,10.06,10.15,8.766824,2053600
2004-09-13,10.02,10.07,9.93,9.95,8.594077,1525300
2004-09-14,9.95,10.4,9.86,10.4,8.982753,2189800
2004-09-15,10.2,10.24,9.86,9.98,8.619989,2709700
2004-09-16,9.98,10.15,9.96,10.1,8.723636,1375800
2004-09-17,10.22,10.4,10.09,10.37,8.956842,3570200
2004-09-20,10.37,10.56,10.36,10.53,9.095038,2578900
2004-09-21,10.52,10.66,10.45,10.65,9.198688,1606000
2004-09-22,10.6,10.6,10.38,10.38,8.96548,1173200
2004-09-23,10.38,10.43,10.14,10.27,8.870471,1495100
2004-09-24,10.32,10.35,10.19,10.25,8.853195,1366400
2004-09-27,10.16,10.22,9.98,10.02,8.654537,1154000
2004-09-28,10.08,10.12,10.0,10.04,8.671813,1349400
2004-09-29,9.98,10.05,9.5,9.81,8.473158,6423000
2004-09-30,9.75,10.02,9.6,9.99,8.628627999999999,2317100
2004-10-01,10.0,10.18,9.99,10.15,8.766824,1374800
2004-10-04,10.5,10.52,10.27,10.43,9.008668,2101600
2004-10-05,10.43,10.68,10.43,10.63,9.181413000000001,2098600
2004-10-06,10.63,10.7,10.45,10.55,9.112313,1229600
2004-10-07,10.6,10.67,10.36,10.36,8.948203999999999,1015000
2004-10-08,10.2,10.55,10.14,10.52,9.086400999999999,1228600
2004-10-11,10.58,10.84,10.47,10.84,9.362797,1974700
2004-10-12,10.74,10.98,10.58,10.95,9.457803,2430800
2004-10-13,10.98,10.98,10.64,10.64,9.19005,1813100
2004-10-14,10.74,10.85,10.67,10.81,9.336885,2092700
2004-10-15,10.91,11.09,10.84,11.08,9.570089,2040300
2004-10-18,11.08,11.14,10.96,11.05,9.544175,2688100
2004-10-19,11.1,11.12,11.04,11.11,9.596,1897400
2004-10-20,11.11,11.11,10.76,10.92,9.431891,1639800
2004-10-21,10.85,11.13,10.81,11.1,9.587365,1808300
2004-10-22,11.14,11.18,10.96,11.04,9.535539,1234300
2004-10-25,10.98,11.08,10.91,11.05,9.544175,870700
2004-10-26,10.98,11.3,10.95,11.3,9.760109,1897700
2004-10-27,11.3,11.65,11.27,11.38,9.829206,3956200
2004-10-28,11.4,11.4,10.5,10.66,9.207322999999999,4683200
2004-10-29,10.85,10.9,10.61,10.9,9.414617,2285600
2004-11-01,11.05,11.07,10.9,11.0,9.500991,1991200
2004-11-02,11.1,11.22,10.97,11.02,9.518267,2030200
2004-11-03,11.12,11.21,11.0,11.1,9.587365,1466300
2004-11-04,11.2,11.4,11.12,11.39,9.837844,1659400
2004-11-05,11.39,11.44,11.22,11.34,9.794658,2120200
2004-11-08,11.42,11.58,11.34,11.54,9.967403,2168000
2004-11-09,11.57,11.75,11.4,11.72,10.122874000000001,1945200
2004-11-10,11.76,11.8,11.65,11.7,10.105597999999999,1641200
2004-11-11,11.74,11.97,11.74,11.97,10.338806,2466400
2004-11-12,11.98,12.15,11.93,12.14,10.485641000000001,2658000
2004-11-15,12.14,12.24,12.07,12.24,10.572011,2094700
2004-11-16,12.24,12.44,12.15,12.39,10.70157,4725800
2004-11-17,12.45,12.5,12.05,12.29,10.615199,4247100
2004-11-18,12.34,12.45,12.25,12.3,10.623835,2171300
2004-11-19,12.3,12.36,12.18,12.23,10.563374000000001,1504600
2004-11-22,12.25,12.63,12.2,12.6,10.882955,2130800
2004-11-23,12.61,12.68,12.5,12.67,10.943414,1344300
2004-11-24,12.6,12.73,12.54,12.7,10.969324,1888300
2004-11-26,12.74,12.82,12.71,12.77,11.029788,425000
2004-11-29,12.77,12.8,12.15,12.2,10.537463,3597500
2004-11-30,12.2,12.37,12.18,12.24,10.572011,2613300
2004-12-01,12.15,12.48,12.04,12.32,10.641109,2141200
2004-12-02,12.32,12.41,12.22,12.22,10.554737,2287400
2004-12-03,12.21,12.47,12.2,12.42,10.727482,2047900
2004-12-06,12.45,12.62,12.4,12.62,10.900228,1463900
2004-12-07,12.68,12.8,12.49,12.49,10.787944,3039100
2004-12-08,12.5,12.52,12.21,12.29,10.615199,2074000
2004-12-09,12.34,12.35,12.17,12.17,10.51155,2836400
2004-12-10,12.17,12.48,12.17,12.32,10.641109,2004500
2004-12-13,12.3,12.49,12.27,12.46,10.762031,1872400
2004-12-14,12.49,12.59,12.25,12.39,10.70157,1184400
2004-12-15,12.32,12.62,12.24,12.61,10.891589,1919900
2004-12-16,12.61,12.76,12.35,12.53,10.822492,1629900
2004-12-17,12.32,12.7,12.32,12.5,10.796581,2431600
2004-12-20,12.6,12.85,12.58,12.75,11.01251,2008600
2004-12-21,12.67,13.31,12.65,13.07,11.288905,3751200
2004-12-22,13.13,13.43,13.11,13.3,11.487561999999999,2013900
2004-12-23,13.42,13.47,13.22,13.27,11.46165,1458900
2004-12-27,13.17,13.38,13.15,13.3,11.487561999999999,1441300
2004-12-28,13.35,13.49,13.33,13.44,11.608481,1438100
2004-12-29,13.5,13.55,13.39,13.45,11.617122,1847400
2004-12-30,13.52,13.63,13.45,13.61,11.755317999999999,1313000
2004-12-31,13.65,13.71,13.57,13.67,11.807139999999999,1300100
2005-01-03,13.67,13.74,13.42,13.55,11.703495,2011200
2005-01-04,13.54,13.62,13.04,13.05,11.271632,2242500
2005-01-05,13.15,13.21,13.0,13.02,11.245718,2073800
2005-01-06,13.02,13.1,12.53,13.03,11.254354,1909200
2005-01-07,12.98,13.2,12.83,12.84,11.090247,900600
2005-01-10,12.94,13.21,12.75,13.12,11.332089,2095700
2005-01-11,13.01,13.07,12.82,12.98,11.211166,1410300
2005-01-12,12.97,13.35,12.8,13.31,11.496199,2140300
2005-01-13,13.31,13.55,13.24,13.31,11.496199,2715600
2005-01-14,13.45,13.5,13.32,13.45,11.617122,1461100
2005-01-18,13.5,13.96,13.5,13.82,11.9367,3143500
2005-01-19,13.84,13.98,13.65,13.69,11.824413999999999,1706700
2005-01-20,13.69,13.87,13.69,13.81,11.928063,2056600
2005-01-21,13.8,13.93,13.74,13.81,11.928063,1567600
2005-01-24,13.86,13.97,13.79,13.89,11.997161,1631300
2005-01-25,13.89,13.99,13.65,13.65,11.789866,1806100
2005-01-26,13.75,13.79,13.66,13.75,11.87624,1371600
2005-01-27,13.68,13.78,13.67,13.72,11.850325999999999,1485300
2005-01-28,13.72,13.81,13.58,13.79,11.910789,1769800
2005-01-31,13.99,14.1,13.95,14.05,12.135358,1845500
2005-02-01,14.05,14.37,14.04,14.29,12.342652000000001,3103100
2005-02-02,14.31,14.51,14.28,14.48,12.506761000000001,3052600
2005-02-03,14.51,14.98,14.5,14.94,12.904073,3384400
2005-02-04,14.98,15.39,14.95,15.19,13.120004999999999,4440600
2005-02-07,15.24,15.27,15.03,15.06,13.007721,2183400
2005-02-08,15.1,15.3,15.06,15.23,13.154553,1762600
2005-02-09,15.2,15.27,14.99,15.11,13.050904,2061500
2005-02-10,15.11,15.4,15.11,15.36,13.266835999999998,2857500
2005-02-11,15.4,15.62,15.33,15.53,13.413670000000002,3757700
2005-02-14,15.5,15.6,15.38,15.57,13.448219,3797300
2005-02-15,15.51,15.77,15.46,15.71,13.569142000000001,3559100
2005-02-16,15.7,16.110001,15.65,16.049999,13.862808,3374800
2005-02-17,16.200001,16.59,16.15,16.48,14.234210999999998,6192300
2005-02-18,16.5,16.690001000000002,16.41,16.59,14.329220999999999,3467900
2005-02-22,16.5,16.5,15.9,16.059998999999998,13.871445999999999,3448900
2005-02-23,16.040001,16.23,15.78,16.219998999999998,14.009642000000001,2939500
2005-02-24,16.280001000000002,16.5,16.08,16.48,14.234210999999998,2323000
2005-02-25,16.5,17.040001,16.49,16.809998999999998,14.519242000000002,3654900
2005-02-28,16.790001,16.870001000000002,16.6,16.74,14.458781,2733600
2005-03-01,16.76,16.9,16.59,16.879998999999998,14.5797,2380500
2005-03-02,16.75,17.129998999999998,16.59,16.99,14.674714000000002,3300100
2005-03-03,17.09,17.139999,16.93,17.059998999999998,14.735175,2554400
2005-03-04,17.299999,17.6,17.23,17.52,15.132488,4918000
2005-03-07,17.75,18.129998999999998,17.65,17.65,15.244772,2901500
2005-03-08,17.5,17.639999,17.25,17.299999,14.942466,2895800
2005-03-09,17.17,17.42,16.559998999999998,16.76,14.476054999999999,4277900
2005-03-10,16.76,16.870001000000002,15.75,16.51,14.260122,6329900
2005-03-11,16.200001,16.82,15.56,16.66,14.389682999999998,1949600
2005-03-14,16.9,17.299999,16.75,17.299999,14.942466,2809300
2005-03-15,17.299999,17.75,17.299999,17.639999,15.236137,4769700
2005-03-16,17.65,17.82,17.35,17.49,15.106575,3071400
2005-03-17,17.49,17.68,17.35,17.5,15.115212,2079000
2005-03-18,17.51,17.51,16.99,17.389999,15.0202,4726700
2005-03-21,17.389999,17.49,17.1,17.219998999999998,14.873370999999999,2131700
2005-03-22,17.25,17.450001,16.83,16.950001,14.640165,2369700
2005-03-23,15.75,16.299999,15.56,16.040001,13.854173999999999,7363100
2005-03-24,15.8,16.530001000000002,15.52,16.290001,14.070106,2406400
2005-03-28,16.4,16.629998999999998,16.35,16.559998999999998,14.30331,2736400
2005-03-29,16.59,16.799999,16.32,16.35,14.121925,4022600
2005-03-30,16.35,16.49,16.059998999999998,16.360001,14.130567999999998,3048700
2005-03-31,16.17,16.5,16.129998999999998,16.379998999999998,14.147838,2654600
2005-04-01,16.5,16.799999,16.42,16.530001000000002,14.2774,2408800
2005-04-04,16.59,16.66,16.219998999999998,16.549999,14.294672,1959400
2005-04-05,16.700001,17.280001000000002,16.68,17.139999,14.80427,2858500
2005-04-06,17.120001000000002,17.23,16.950001,17.01,14.691991,1525000
2005-04-07,17.0,17.15,16.889999,17.129998999999998,14.795634,2054600
2005-04-08,17.1,17.18,16.93,16.969998999999998,14.657439000000002,1432400
2005-04-11,17.049999,17.09,16.92,16.959999,14.648801999999998,1726300
2005-04-12,16.950001,17.469998999999998,16.790001,17.360001,14.994291,1832100
2005-04-13,17.389999,17.559998999999998,17.110001,17.360001,14.994291,3158500
2005-04-14,17.389999,17.440001000000002,16.940001000000002,17.0,14.683352,2281100
2005-04-15,16.75,16.940001000000002,16.389999,16.51,14.260122,3419300
2005-04-18,16.4,16.58,16.09,16.530001000000002,14.2774,2129200
2005-04-19,16.57,17.139999,16.549999,16.959999,14.648801999999998,1853000
2005-04-20,16.889999,17.02,16.6,16.68,14.406959,2154600
2005-04-21,16.860001,16.91,16.59,16.700001,14.424232,2889300
2005-04-22,16.620001000000002,16.860001,16.58,16.59,14.329220999999999,2374400
2005-04-25,16.6,16.77,16.290001,16.709999,14.432869,2608700
2005-04-26,16.549999,16.969998999999998,16.549999,16.629998999999998,14.363767000000001,1589600
2005-04-27,16.4,16.67,16.24,16.530001000000002,14.2774,2035600
2005-04-28,16.549999,16.700001,15.95,16.030001000000002,13.845536,3310700
2005-04-29,16.059998999999998,16.23,15.93,16.08,13.888720999999999,3095000
2005-05-02,16.18,16.42,16.0,16.09,13.897357999999999,3538000
2005-05-03,16.25,16.32,15.98,16.1,13.905998,2294000
2005-05-04,16.09,16.27,15.8,16.08,13.888720999999999,3040000
2005-05-05,16.15,16.190001000000002,15.03,15.78,13.629604,7906800
2005-05-06,15.91,16.15,15.84,15.93,13.759162,2663000
2005-05-09,15.93,16.219998999999998,15.84,16.200001,13.992372,3021500
2005-05-10,16.040001,16.18,15.83,15.9,13.73325,2127400
2005-05-11,15.92,15.92,15.12,15.3,13.215016,6637100
2005-05-12,15.33,15.45,14.19,14.39,12.429025,8472100
2005-05-13,14.5,14.5,13.53,14.16,12.230366,5970600
2005-05-16,14.23,14.34,13.84,14.04,12.126719,3734800
2005-05-17,14.0,14.14,13.91,14.09,12.169907,3080400
2005-05-18,14.23,14.24,13.96,14.05,12.135358,3129100
2005-05-19,14.06,14.15,13.95,14.05,12.135358,1855100
2005-05-20,14.05,14.07,13.77,13.99,12.083534,2280800
2005-05-23,13.0,13.82,12.98,13.72,11.850325999999999,6680500
2005-05-24,13.9,14.58,13.73,14.38,12.420386,4869000
2005-05-25,14.41,14.71,14.4,14.55,12.567219,2256100
2005-05-26,14.65,14.81,14.6,14.68,12.679504,2360500
2005-05-27,14.71,14.8,14.6,14.63,12.63632,1383900
2005-05-31,14.52,15.05,14.52,14.89,12.860888000000001,2196400
2005-06-01,14.89,15.25,14.75,14.79,12.774514,1914800
2005-06-02,14.65,14.8,14.44,14.57,12.584493,2110400
2005-06-03,14.59,14.76,14.31,14.4,12.437661,2424800
2005-06-06,14.55,15.44,14.55,15.0,12.955896000000001,5267200
2005-06-07,15.04,15.23,14.89,14.94,12.904073,2796000
2005-06-08,14.94,15.22,14.77,14.84,12.817699000000001,1325300
2005-06-09,14.86,14.86,14.63,14.72,12.714053999999999,1413100
2005-06-10,14.72,14.96,14.67,14.84,12.817699000000001,1064700
2005-06-13,14.85,15.07,14.75,15.03,12.981808000000001,1901000
2005-06-14,15.06,15.44,15.04,15.32,13.232289000000002,2355800
2005-06-15,15.27,15.48,15.25,15.42,13.318660999999999,2372000
2005-06-16,15.46,15.62,15.34,15.55,13.430945999999999,1635400
2005-06-17,15.78,15.87,15.55,15.84,13.681429000000001,2931000
2005-06-20,15.73,16.08,15.68,16.0,13.819623000000002,2654600
2005-06-21,15.98,16.110001,15.73,15.79,13.638242000000002,1989300
2005-06-22,15.88,15.9,15.65,15.74,13.595054999999999,1833100
2005-06-23,15.75,16.1,15.74,15.85,13.690064999999999,2223600
2005-06-24,15.81,15.84,15.33,15.34,13.249562,2068900
2005-06-27,15.33,16.040001,15.33,15.95,13.776439000000002,1966000
2005-06-28,16.01,16.360001,15.98,16.309998999999998,14.087376999999998,2840500
2005-06-29,16.299999,16.540001,16.15,16.4,14.165114,2101000
2005-06-30,16.5,16.690001000000002,16.18,16.379998999999998,14.147838,1912000
2005-07-01,16.360001,16.67,16.129998999999998,16.59,14.329220999999999,1869100
2005-07-05,16.57,16.67,16.280001000000002,16.5,14.251485,1891100
2005-07-06,16.540001,16.620001000000002,15.89,15.95,13.776439000000002,2843300
2005-07-07,15.55,15.95,15.54,15.85,13.690064999999999,2041800
2005-07-08,15.91,16.309998999999998,15.84,16.09,13.897357999999999,1646000
2005-07-11,16.280001000000002,16.389999,16.129998999999998,16.209999,14.001005,2969700
2005-07-12,16.190001000000002,16.34,16.08,16.18,13.975094,1003200
2005-07-13,16.16,16.41,16.16,16.370001000000002,14.139203,1335700
2005-07-14,16.5,16.59,15.99,16.299999,14.078741,2221100
2005-07-15,16.35,16.75,16.26,16.67,14.398317,2222800
2005-07-18,16.59,16.66,16.440001000000002,16.59,14.329220999999999,1151100
2005-07-19,16.68,16.709999,16.379998999999998,16.52,14.268761999999999,2343800
2005-07-20,16.379998999999998,16.59,16.25,16.559998999999998,14.30331,930100
2005-07-21,16.299999,16.42,15.84,16.26,14.044193,2226000
2005-07-22,16.15,16.24,16.02,16.23,14.018277,1808800
2005-07-25,16.139999,16.25,15.91,16.030001000000002,13.845536,1198900
2005-07-26,16.120001000000002,16.27,15.92,15.93,13.759162,2124900
2005-07-27,16.049999,16.08,15.77,15.9,13.73325,1576900
2005-07-28,15.74,16.16,15.51,16.110001,13.914632999999998,1881900
2005-07-29,16.07,16.15,15.93,16.049999,13.862808,1170500
2005-08-01,16.02,16.24,15.93,16.049999,13.862808,1311800
2005-08-02,16.129998999999998,16.389999,16.110001,16.299999,14.078741,1555700
2005-08-03,16.200001,16.299999,16.049999,16.129998999999998,13.931907,1153500
2005-08-04,16.17,16.209999,16.049999,16.110001,13.914632999999998,1209300
2005-08-05,16.129998999999998,16.139999,15.4,15.7,13.560505,2480200
2005-08-08,15.76,15.92,15.14,15.22,13.145918,2191000
2005-08-09,15.21,15.33,14.78,15.15,13.085453999999999,2423800
2005-08-10,15.25,15.99,15.25,15.47,13.361848,2018100
2005-08-11,15.54,15.86,15.46,15.68,13.543229,1448100
2005-08-12,15.6,15.6,15.25,15.42,13.318660999999999,1021800
2005-08-15,15.4,15.59,15.25,15.38,13.284114,754300
2005-08-16,15.35,15.35,15.14,15.22,13.145918,1264600
2005-08-17,15.2,15.33,14.97,15.25,13.171826999999999,1443800
2005-08-18,15.26,15.49,15.13,15.31,13.223653,1352400
2005-08-19,15.35,15.5,15.2,15.32,13.232289000000002,1493200
2005-08-22,15.3,15.76,15.26,15.61,13.48277,1643600
2005-08-23,15.72,15.94,15.66,15.66,13.525954999999998,1510600
2005-08-24,15.69,15.9,15.24,15.34,13.249562,1718000
2005-08-25,15.41,15.63,15.37,15.57,13.448219,807500
2005-08-26,15.5,15.8,15.5,15.56,13.439582999999999,1249500
2005-08-29,15.5,15.57,15.16,15.49,13.379122,1418300
2005-08-30,15.35,15.68,15.31,15.63,13.500047,1531400
2005-08-31,15.54,15.76,15.52,15.74,13.595054999999999,1702900
2005-09-01,15.74,15.86,15.48,15.55,13.430945999999999,2855800
2005-09-02,15.55,15.69,15.34,15.42,13.318660999999999,1766800
2005-09-06,15.35,15.55,15.25,15.31,13.223653,1684300
2005-09-07,15.26,15.73,15.2,15.68,13.543229,3527300
2005-09-08,15.38,15.55,14.96,14.99,12.947258999999999,4550600
2005-09-09,15.09,15.49,15.04,15.41,13.310025,4739000
2005-09-12,15.17,15.55,15.15,15.4,13.301385999999999,2701800
2005-09-13,15.35,15.52,15.27,15.28,13.197742000000002,1613400
2005-09-14,15.33,15.41,15.09,15.25,13.171826999999999,2271900
2005-09-15,15.3,15.48,15.3,15.41,13.310025,920600
2005-09-16,15.37,15.41,15.11,15.2,13.128642999999999,4473900
2005-09-19,15.17,15.23,15.01,15.05,12.999084,2311800
2005-09-20,15.08,15.16,14.64,14.67,12.670867,3679500
2005-09-21,14.8,15.07,14.79,14.89,12.860888000000001,4879400
2005-09-22,14.8,15.04,14.64,14.94,12.904073,2840800
2005-09-23,14.9,14.91,14.78,14.83,12.809061999999999,2255000
2005-09-26,14.97,15.69,14.93,15.27,13.189103,2914000
2005-09-27,15.34,15.55,15.21,15.52,13.405035,1760400
2005-09-28,15.8,16.0,15.69,15.93,13.759162,2826000
2005-09-29,15.85,16.299999,15.77,16.1,13.905998,2721700
2005-09-30,16.15,16.51,16.129998999999998,16.43,14.191023999999999,2904700
2005-10-03,16.299999,17.01,16.25,16.84,14.545154,3420300
2005-10-04,17.09,17.25,16.959999,17.1,14.769723,5376800
2005-10-05,17.049999,17.200001,16.629998999999998,16.65,14.381043,4153900
2005-10-06,16.65,16.790001,16.09,16.370001000000002,14.139203,3634500
2005-10-07,16.370001000000002,16.92,16.34,16.68,14.406959,2467400
2005-10-10,16.68,16.68,16.18,16.290001,14.070106,1716600
2005-10-11,16.309998999999998,16.5,16.200001,16.34,14.113289000000002,2205100
2005-10-12,16.32,16.530001000000002,16.1,16.25,14.035554000000001,2812800
2005-10-13,16.1,16.219998999999998,15.52,15.67,13.534593,2322700
2005-10-14,15.88,16.07,15.62,15.9,13.73325,1794300
2005-10-17,15.85,15.97,15.7,15.79,13.638242000000002,1937000
2005-10-18,15.79,15.85,15.3,15.31,13.223653,2884200
2005-10-19,15.3,16.16,15.1,16.08,13.888720999999999,4944200
2005-10-20,16.030001000000002,16.120001000000002,15.35,15.45,13.344574,3361600
2005-10-21,15.45,15.68,15.27,15.46,13.353212,1840900
2005-10-24,15.54,15.86,15.46,15.8,13.646879,2348800
2005-10-25,15.8,16.25,15.77,15.86,13.698701000000002,3107100
2005-10-26,15.86,16.1,15.59,15.6,13.474134,1881700
2005-10-27,15.6,15.75,15.21,15.29,13.206379,1517600
2005-10-28,15.33,15.6,15.22,15.51,13.396395000000002,2605300
2005-10-31,15.6,16.030001000000002,15.57,15.89,13.724614,2371200
2005-11-01,15.9,15.96,15.62,15.71,13.569142000000001,2472200
2005-11-02,15.67,15.7,15.22,15.45,13.344574,2597600
2005-11-03,14.64,15.73,14.64,15.37,13.275475,2467600
2005-11-04,15.62,15.65,15.29,15.5,13.387761,1958100
2005-11-07,15.62,15.64,15.0,15.21,13.137279000000001,1975100
2005-11-08,15.05,15.14,14.81,14.94,12.904073,1687800
2005-11-09,14.99,15.38,14.99,15.23,13.154553,1388800
2005-11-10,15.33,15.52,15.05,15.5,13.387761,2448100
2005-11-11,15.5,15.65,15.48,15.57,13.448219,1787200
2005-11-14,15.55,15.97,15.15,15.29,13.206379,2322700
2005-11-15,15.32,15.58,15.17,15.32,13.232289000000002,1574600
2005-11-16,15.33,15.49,15.26,15.33,13.240926000000002,1200400
2005-11-17,15.4,15.91,15.35,15.88,13.715978,2648000
2005-11-18,15.89,16.15,15.67,16.0,13.819623000000002,2350400
2005-11-21,15.81,15.98,15.73,15.9,13.73325,1576500
2005-11-22,15.82,15.93,15.52,15.72,13.577781,1720700
2005-11-23,15.7,15.87,15.51,15.78,13.629604,1442300
2005-11-25,15.86,15.86,15.59,15.73,13.586417,412500
2005-11-28,15.83,15.84,15.6,15.65,13.517319,2387600
2005-11-29,15.83,15.94,15.72,15.8,13.646879,1386900
2005-11-30,15.77,15.92,15.71,15.77,13.620965,1896100
2005-12-01,15.88,15.92,15.75,15.89,13.724614,1810800
2005-12-02,15.8,15.9,15.41,15.46,13.353212,2270600
2005-12-05,15.42,15.78,15.35,15.74,13.595054999999999,2440900
2005-12-06,15.8,15.94,15.74,15.75,13.603691,1999000
2005-12-07,15.79,16.0,15.67,15.78,13.629604,2039000
2005-12-08,15.74,15.89,15.61,15.81,13.655515,1189600
2005-12-09,15.9,16.200001,15.66,16.07,13.880084,1706200
2005-12-12,16.049999,16.200001,15.97,16.129998999999998,13.931907,1315700
2005-12-13,16.07,16.35,15.95,16.299999,14.078741,1948800
2005-12-14,16.360001,16.5,16.040001,16.25,14.035554000000001,2664100
2005-12-15,16.16,16.18,15.87,16.0,13.819623000000002,2043000
2005-12-16,16.08,16.33,16.08,16.23,14.018277,2778100
2005-12-19,16.16,16.209999,15.67,15.91,13.741888000000001,2656200
2005-12-20,15.89,16.059998999999998,15.77,15.82,13.664152,1915700
2005-12-21,15.94,16.030001000000002,15.56,15.67,13.534593,1963600
2005-12-22,15.77,15.81,15.58,15.81,13.655515,1628500
2005-12-23,15.9,16.040001,15.81,15.98,13.802345,1227800
2005-12-27,16.120001000000002,16.15,15.86,15.99,13.810984,1269500
2005-12-28,15.94,15.99,15.65,15.86,13.698701000000002,1649500
2005-12-29,15.77,15.92,15.69,15.88,13.715978,864600
2005-12-30,15.72,15.86,15.57,15.83,13.672788,1550200
2006-01-03,15.92,16.25,15.63,16.200001,13.992372,2026600
2006-01-04,16.35,16.950001,16.309998999999998,16.889999,14.588339000000001,4593200
2006-01-05,16.83,16.93,16.629998999999998,16.73,14.450144,1846700
2006-01-06,16.889999,17.07,16.73,17.0,14.683352,2026700
2006-01-09,17.0,17.059998999999998,16.700001,16.709999,14.432869,2198000
2006-01-10,16.559998999999998,16.76,16.4,16.6,14.337862,3072900
2006-01-11,16.67,16.75,16.42,16.549999,14.294672,1973200
2006-01-12,16.549999,16.639999,16.1,16.33,14.104652,2878000
2006-01-13,16.41,16.66,16.33,16.530001000000002,14.2774,2136200
2006-01-17,16.299999,16.49,16.25,16.41,14.173751999999999,1885400
2006-01-18,16.389999,16.92,16.33,16.76,14.476054999999999,2988500
2006-01-19,17.0,17.790001,16.93,17.68,15.270684,5466600
2006-01-20,18.879998999999998,18.879998999999998,17.49,17.639999,15.236137,4270900
2006-01-23,17.6,17.75,17.370001000000002,17.620001000000002,15.218857999999999,3246800
2006-01-24,17.639999,17.77,17.48,17.57,15.175676000000001,1977500
2006-01-25,17.540001,17.540001,16.799999,17.02,14.700625,3592000
2006-01-26,17.1,17.190001000000002,16.559998999999998,16.870001000000002,14.571060000000001,4126800
2006-01-27,16.83,17.129998999999998,16.83,16.940001000000002,14.631523000000001,2236900
2006-01-30,16.940001000000002,17.110001,16.889999,17.0,14.683352,2052100
2006-01-31,17.0,17.209999,16.92,17.040001,14.717901000000001,2401600
2006-02-01,17.120001000000002,17.24,16.940001000000002,17.15,14.812904999999999,2169600
2006-02-02,17.120001000000002,17.16,16.950001,17.1,14.769723,3055100
2006-02-03,17.1,17.43,17.0,17.32,14.959738,4332300
2006-02-06,17.27,17.360001,17.110001,17.24,14.890641,1639300
2006-02-07,17.23,17.52,17.15,17.18,14.838820000000002,2355100
2006-02-08,17.32,17.32,17.049999,17.25,14.899281,2207800
2006-02-09,17.219998999999998,17.280001000000002,17.0,17.17,14.830181,2558200
2006-02-10,17.059998999999998,17.200001,16.76,17.17,14.830181,3230700
2006-02-13,17.129998999999998,17.17,16.799999,16.950001,14.640165,1345600
2006-02-14,17.0,17.01,16.68,16.91,14.605611999999999,3624900
2006-02-15,16.889999,17.17,16.870001000000002,17.110001,14.778360000000001,2065100
2006-02-16,17.059998999999998,17.51,17.0,17.469998999999998,15.089296,2706200
2006-02-17,17.389999,17.73,17.32,17.709999,15.296594,2394700
2006-02-21,17.690001000000002,17.83,17.469998999999998,17.49,15.106575,1333800
2006-02-22,17.549999,17.6,17.25,17.42,15.046117,1234800
2006-02-23,17.379998999999998,17.5,17.32,17.4,15.028839000000001,1102000
2006-02-24,17.360001,17.620001000000002,17.290001,17.58,15.18431,1470500
2006-02-27,17.65,17.76,17.370001000000002,17.66,15.25341,2362500
2006-02-28,17.51,17.559998999999998,17.219998999999998,17.299999,14.942466,2616700
2006-03-01,17.27,17.559998999999998,17.02,17.5,15.115212,1765600
2006-03-02,17.25,17.389999,17.040001,17.139999,14.80427,1770100
2006-03-03,17.139999,17.43,17.09,17.309998999999998,14.951101999999999,1420000
2006-03-06,17.389999,17.4,16.790001,17.01,14.691991,1391400
2006-03-07,16.92,17.23,16.92,17.129998999999998,14.795634,1563700
2006-03-08,17.16,17.25,16.85,17.1,14.769723,1539500
2006-03-09,17.110001,17.4,16.99,17.290001,14.933829000000001,1722100
2006-03-10,17.24,17.299999,17.0,17.219998999999998,14.873370999999999,1460700
2006-03-13,17.24,17.280001000000002,17.0,17.08,14.752447,1384400
2006-03-14,17.02,17.120001000000002,16.9,16.99,14.674714000000002,1681100
2006-03-15,16.940001000000002,17.389999,16.93,17.26,14.907915,2267400
2006-03-16,17.360001,17.6,17.309998999999998,17.58,15.18431,1948300
2006-03-17,17.66,17.66,17.42,17.57,15.175676000000001,3484400
2006-03-20,17.620001000000002,17.620001000000002,17.08,17.139999,14.80427,2024200
2006-03-21,17.110001,17.26,16.870001000000002,16.940001000000002,14.631523000000001,2004000
2006-03-22,16.51,17.1,16.51,17.049999,14.726535,1601600
2006-03-23,16.959999,17.1,16.85,17.02,14.700625,1034400
2006-03-24,17.02,17.110001,16.82,16.860001,14.562428,852900
2006-03-27,16.809998999999998,16.93,16.65,16.93,14.62289,1348000
2006-03-28,16.93,17.0,16.66,16.82,14.527882,1402000
2006-03-29,16.790001,17.18,16.709999,16.959999,14.648801999999998,1034100
2006-03-30,16.860001,17.15,16.860001,16.92,14.614248000000002,1272400
2006-03-31,16.870001000000002,17.110001,16.77,17.059998999999998,14.735175,1946000
2006-04-03,17.1,17.110001,16.6,16.68,14.406959,2031500
2006-04-04,16.85,17.4,16.809998999999998,17.129998999999998,14.795634,3806800
2006-04-05,17.200001,17.34,16.879998999999998,17.0,14.683352,2232000
2006-04-06,16.950001,17.02,16.65,16.84,14.545154,1621500
2006-04-07,16.75,16.83,16.15,16.43,14.191023999999999,2936200
2006-04-10,17.110001,17.110001,16.6,16.83,14.536516,2932500
2006-04-11,16.93,16.969998999999998,16.540001,16.66,14.389682999999998,2946500
2006-04-12,16.58,16.6,16.25,16.4,14.165114,2173400
2006-04-13,16.35,16.629998999999998,16.33,16.629998999999998,14.363767000000001,1892800
2006-04-17,16.559998999999998,16.790001,16.559998999999998,16.77,14.484694000000001,1662300
2006-04-18,16.870001000000002,17.030001000000002,16.73,16.889999,14.588339000000001,2940200
2006-04-19,16.870001000000002,16.959999,16.5,16.6,14.337862,2684200
2006-04-20,16.49,16.889999,16.43,16.719998999999998,14.441504,1113300
2006-04-21,16.709999,16.93,16.440001000000002,16.6,14.337862,1219300
2006-04-24,16.65,16.790001,16.450001,16.700001,14.424232,987100
2006-04-25,16.700001,16.719998999999998,16.469998999999998,16.59,14.329220999999999,1311200
2006-04-26,16.6,16.700001,16.299999,16.41,14.173751999999999,1403700
2006-04-27,16.469998999999998,16.700001,16.299999,16.629998999999998,14.363767000000001,1765600
2006-04-28,16.6,17.0,16.51,16.969998999999998,14.657439000000002,2897800
2006-05-01,16.99,17.07,16.639999,16.809998999999998,14.519242000000002,2808800
2006-05-02,16.92,16.92,16.52,16.690001000000002,14.415594,2276800
2006-05-03,16.65,16.780001000000002,16.5,16.59,14.329220999999999,2617200
2006-05-04,16.66,16.870001000000002,16.52,16.59,14.329220999999999,1675900
2006-05-05,16.799999,17.41,16.790001,17.33,14.968376000000001,3448900
2006-05-08,17.75,18.07,17.35,17.75,15.331145000000001,6629700
2006-05-09,17.610001,17.860001,17.5,17.780001000000002,15.357054999999999,2943700
2006-05-10,17.73,17.84,17.59,17.76,15.339781,2046100
2006-05-11,17.65,17.700001,17.299999,17.629998999999998,15.227492999999999,2101200
2006-05-12,18.200001,18.25,18.049999,18.18,15.702545,6104600
2006-05-15,18.25,18.290001,18.01,18.25,15.763010000000001,2976200
2006-05-16,18.25,18.5,18.129998999999998,18.17,15.693913,3087000
2006-05-17,18.030001000000002,18.209999,17.559998999999998,17.950001,15.503892,3181400
2006-05-18,18.0,18.32,17.98,18.059998999999998,15.598895,2409200
2006-05-19,18.299999,18.42,17.67,17.85,15.417517000000002,4174800
2006-05-22,17.870001000000002,18.299999,17.870001000000002,18.030001000000002,15.572989000000002,3812700
2006-05-23,18.030001000000002,18.280001000000002,17.700001,17.809998999999998,15.382972,3411000
2006-05-24,17.74,18.030001000000002,17.43,17.639999,15.236137,2405600
2006-05-25,17.790001,17.83,17.51,17.799999,15.374327,2786700
2006-05-26,17.879998999999998,18.08,17.860001,18.0,15.547072,1723000
2006-05-30,17.879998999999998,18.17,17.77,17.950001,15.503892,1568700
2006-05-31,18.1,18.5,18.059998999999998,18.4,15.892560999999999,5020400
2006-06-01,18.48,18.629998999999998,18.15,18.6,16.065310999999998,2903000
2006-06-02,18.6,18.799999,18.200001,18.76,16.203506,2230700
2006-06-05,18.75,18.85,18.469998999999998,18.59,16.056675,2212900
2006-06-06,18.700001,18.76,18.41,18.690001000000002,16.143047,2409300
2006-06-07,18.639999,18.83,18.42,18.639999,16.099859,2592200
2006-06-08,18.58,18.59,18.17,18.299999,15.806192999999999,3723500
2006-06-09,18.17,18.49,18.030001000000002,18.299999,15.806192999999999,1813900
2006-06-12,18.360001,18.559998999999998,18.27,18.32,15.823473000000002,2135700
2006-06-13,18.25,18.299999,17.93,18.01,15.555712,3815600
2006-06-14,18.0,18.219998999999998,17.75,17.870001000000002,15.434795000000001,2855100
2006-06-15,17.92,17.92,17.280001000000002,17.57,15.175676000000001,4105500
2006-06-16,17.540001,17.700001,17.389999,17.5,15.115212,2892300
2006-06-19,17.469998999999998,17.5,16.790001,16.91,14.605611999999999,3265400
2006-06-20,16.74,17.32,16.66,17.219998999999998,14.873370999999999,3459200
2006-06-21,17.219998999999998,17.65,17.219998999999998,17.540001,15.149764999999999,2432100
2006-06-22,17.469998999999998,17.549999,17.26,17.51,15.12385,1980600
2006-06-23,17.41,17.58,17.16,17.25,14.899281,2055700
2006-06-26,17.15,17.540001,17.08,17.49,15.106575,2369600
2006-06-27,17.52,18.07,17.52,17.969998999999998,15.521163,6034500
2006-06-28,17.93,18.27,17.83,18.059998999999998,15.598895,3338000
2006-06-29,18.200001,18.58,18.08,18.530001000000002,16.004852,2303600
2006-06-30,18.6,18.77,18.42,18.450001,15.935753,2600600
2006-07-03,18.65,18.66,18.360001,18.6,16.065310999999998,1025100
2006-07-05,18.6,18.99,18.5,18.860001,16.289885,3487900
2006-07-06,18.93,19.0,18.83,18.99,16.402168,2230100
2006-07-07,19.0,19.299999,18.76,19.27,16.644009,5291400
2006-07-10,19.309998999999998,19.57,19.27,19.459999,16.808113,2989800
2006-07-11,19.530001000000002,19.700001,19.33,19.620001000000002,16.946316,3366700
2006-07-12,19.780001000000002,19.85,19.200001,19.26,16.63537,3346600
2006-07-13,19.24,19.459999,19.08,19.17,16.557634,2992200
2006-07-14,19.25,19.530001000000002,18.969998999999998,19.48,16.825394,2355700
2006-07-17,19.35,19.799999,19.299999,19.75,17.058595999999998,3154500
2006-07-18,19.74,19.9,19.25,19.49,16.83403,3687700
2006-07-19,19.67,19.870001000000002,19.610001,19.83,17.127695000000003,3109000
2006-07-20,19.74,20.0,19.610001,19.82,17.119059,1950700
2006-07-21,19.99,20.209999,19.85,20.17,17.42136,3486400
2006-07-24,20.15,20.58,20.110001,20.450001,17.663204,3563300
2006-07-25,20.33,20.6,20.33,20.49,17.697756,2872900
2006-07-26,20.51,20.540001,19.879998999999998,20.07,17.334989999999998,4267900
2006-07-27,20.049999,20.309998999999998,19.780001000000002,19.84,17.136329999999997,2854400
2006-07-28,19.98,20.08,19.809998999999998,19.879998999999998,17.170876999999997,2098200
2006-07-31,19.75,20.1,19.65,19.860001,17.153606,1981800
2006-08-01,19.790001,19.98,19.65,19.860001,17.153606,2490600
2006-08-02,19.92,20.07,19.65,19.75,17.058595999999998,2317300
2006-08-03,19.75,19.85,19.610001,19.780001000000002,17.084513,1825500
2006-08-04,20.02,20.09,18.25,18.25,15.763010000000001,5763400
2006-08-07,19.76,20.709999,19.25,20.07,17.334989999999998,10282200
2006-08-08,20.030001000000002,20.65,19.91,20.299999,17.533648,3352300
2006-08-09,20.450001,20.9,20.309998999999998,20.610001,17.801401000000002,3243000
2006-08-10,20.59,20.66,20.290001,20.469998999999998,17.680485,2517500
2006-08-11,20.370001000000002,20.4,20.15,20.219998999999998,17.464548,1619700
2006-08-14,20.200001,20.370001000000002,20.129998999999998,20.17,17.42136,1588800
2006-08-15,20.549999,20.84,20.280001000000002,20.4,17.620016,2363200
2006-08-16,20.34,20.450001,20.030001000000002,20.440001000000002,17.65457,3623100
2006-08-17,20.299999,20.309998999999998,19.85,20.18,17.430001999999998,2155900
2006-08-18,20.209999,20.57,20.02,20.49,17.697756,2250200
2006-08-21,20.379998999999998,20.790001,20.200001,20.65,17.835953,1576300
2006-08-22,20.65,20.85,20.52,20.84,18.000055,1236700
2006-08-23,20.870001000000002,20.889999,20.42,20.77,17.939598,1125800
2006-08-24,20.83,20.85,20.379998999999998,20.58,17.775488,1157600
2006-08-25,20.540001,20.780001000000002,20.52,20.700001,17.879135,1287900
2006-08-28,20.74,21.049999,20.73,20.91,18.060522,1635100
2006-08-29,20.870001000000002,21.1,20.700001,20.799999,17.965506,2541600
2006-08-30,20.91,21.08,20.65,21.01,18.146889,1347200
2006-08-31,21.01,21.35,21.01,21.24,18.345549,2004400
2006-09-01,21.18,21.24,21.049999,21.18,18.293726,1458500
2006-09-05,21.190001000000002,21.48,21.01,21.16,18.276449,2240300
2006-09-06,21.01,21.190001000000002,20.6,20.76,17.93096,2293800
2006-09-07,20.77,20.84,20.360001,20.559998999999998,17.758217000000002,2826500
2006-09-08,20.65,20.700001,20.34,20.450001,17.663204,1413200
2006-09-11,20.35,20.540001,20.059998999999998,20.280001000000002,17.516373,2137500
2006-09-12,20.1,20.379998999999998,20.02,20.129998999999998,17.38681,2500700
2006-09-13,20.049999,20.52,19.799999,20.469998999999998,17.680485,2001400
2006-09-14,20.4,20.73,20.33,20.51,17.715029,1761200
2006-09-15,20.610001,20.719998999999998,20.18,20.280001000000002,17.516373,2504300
2006-09-18,20.33,20.58,20.280001000000002,20.41,17.628653,1563900
2006-09-19,20.379998999999998,20.65,20.290001,20.530001000000002,17.732304,2519500
2006-09-20,20.530001000000002,20.709999,20.42,20.5,17.70639,1090800
2006-09-21,20.469998999999998,20.59,20.24,20.370001000000002,17.594109,1880300
2006-09-22,20.42,20.42,20.059998999999998,20.139999,17.395451,2196700
2006-09-25,20.35,20.9,20.280001000000002,20.629998999999998,17.818678,2689300
2006-09-26,20.559998999999998,20.73,20.379998999999998,20.700001,17.879135,1767500
2006-09-27,20.620001000000002,20.73,20.459999,20.700001,17.879135,1861400
2006-09-28,20.75,20.879998999999998,20.540001,20.59,17.784129999999998,2043000
2006-09-29,20.65,20.780001000000002,20.34,20.389999,17.611378,2239200
2006-10-02,20.4,20.5,20.139999,20.209999,17.45591,2778800
2006-10-03,20.25,20.73,20.02,20.629998999999998,17.818678,3107100
2006-10-04,20.700001,20.76,20.51,20.66,17.844591,1959200
2006-10-05,20.540001,20.73,20.49,20.57,17.76685,2113900
2006-10-06,20.58,20.58,20.25,20.35,17.576829999999998,2121200
2006-10-09,20.290001,20.57,20.290001,20.540001,17.740942,1666200
2006-10-10,20.51,20.9,20.4,20.889999,18.043245000000002,2471700
2006-10-11,20.889999,21.25,20.780001000000002,21.059998999999998,18.190077,3206800
2006-10-12,21.110001,21.120001000000002,20.780001000000002,20.879998999999998,18.034609,1653200
2006-10-13,20.85,20.889999,20.57,20.77,17.939598,1486700
2006-10-16,20.77,21.030001000000002,20.49,21.02,18.155527,1792200
2006-10-17,20.91,21.16,20.860001,21.1,18.224626999999998,1427400
2006-10-18,21.17,21.389999,21.1,21.309998999999998,18.406012,2190800
2006-10-19,21.219998999999998,21.49,21.209999,21.48,18.552843,1481400
2006-10-20,21.549999,21.75,21.41,21.74,18.777407,2103500
2006-10-23,21.75,22.110001,21.66,21.91,18.924246,3290800
2006-10-24,21.77,21.940001000000002,21.629998999999998,21.77,18.803324,2409900
2006-10-25,21.9,22.0,21.709999,21.790001,18.820601999999997,1783600
2006-10-26,21.77,21.84,21.469998999999998,21.66,18.708315,1646800
2006-10-27,21.6,21.950001,21.43,21.73,18.768774,1581300
2006-10-30,21.799999,21.870001000000002,21.51,21.68,18.725594,1426700
2006-10-31,21.75,22.02,21.620001000000002,21.99,18.993345,2226600
2006-11-01,22.049999,22.200001,21.889999,22.059998999999998,19.053801,1865900
2006-11-02,22.0,22.17,21.75,21.93,18.941517,1933000
2006-11-03,22.200001,22.219998999999998,21.799999,21.91,18.924246,1694300
2006-11-06,22.08,22.66,21.85,22.639999,19.554766,6982100
2006-11-07,22.450001,22.459999,21.82,22.02,19.019254999999998,3800500
2006-11-08,21.93,22.42,21.68,22.41,19.356106,3313000
2006-11-09,22.469998999999998,22.559998999999998,22.4,22.450001,19.390657,2810400
2006-11-10,22.49,22.58,22.24,22.35,19.304285,2737900
2006-11-13,22.459999,22.809998999999998,22.4,22.700001,19.606588000000002,2485700
2006-11-14,22.75,22.82,22.25,22.690001000000002,19.597952,2951200
2006-11-15,22.6,22.639999,22.139999,22.190001000000002,19.166088000000002,2160100
2006-11-16,22.33,22.42,22.25,22.35,19.304285,1510100
2006-11-17,22.309998999999998,22.440001000000002,22.139999,22.379998999999998,19.330198,2483200
2006-11-20,22.700001,22.700001,22.4,22.440001000000002,19.382023,2353100
2006-11-21,22.870001000000002,23.24,22.75,23.09,19.943445,3877700
2006-11-22,23.35,23.450001,23.16,23.309998999999998,20.133459,2358800
2006-11-24,23.280001000000002,23.360001,23.17,23.35,20.168011,597800
2006-11-27,23.34,23.370001000000002,22.870001000000002,22.92,19.796608,2846000
2006-11-28,22.860001,23.07,22.85,22.889999,19.770699,3389100
2006-11-29,22.98,23.209999,22.860001,23.190001000000002,20.029816,2025500
2006-11-30,23.27,23.469998999999998,23.1,23.370001000000002,20.185285999999998,2550100
2006-12-01,23.450001,23.6,23.27,23.370001000000002,20.185285999999998,3000700
2006-12-04,23.5,23.85,23.440001000000002,23.719998999999998,20.487589,2218500
2006-12-05,23.799999,23.84,23.559998999999998,23.719998999999998,20.487589,3099200
2006-12-06,23.77,23.780001000000002,23.209999,23.23,20.064363,5385200
2006-12-07,23.35,23.559998999999998,23.139999,23.15,19.99527,2597000
2006-12-08,23.07,23.299999,23.0,23.17,20.012539,1661700
2006-12-11,23.209999,23.26,22.879998999999998,22.92,19.796608,2746900
2006-12-12,23.0,23.18,22.85,22.879998999999998,19.762058,4372700
2006-12-13,22.93,23.040001,22.879998999999998,22.9,19.779332999999998,3746300
2006-12-14,22.860001,22.99,22.85,22.889999,19.770699,4172600
2006-12-15,22.879998999999998,22.969998999999998,22.75,22.84,19.727510000000002,3319300
2006-12-18,22.85,22.85,22.389999,22.43,19.373383999999998,3318500
2006-12-19,22.290001,22.549999,22.1,22.379998999999998,19.330198,4427900
2006-12-20,22.4,22.51,22.25,22.27,19.235191,2747900
2006-12-21,22.200001,22.42,22.190001000000002,22.370001000000002,19.321562,3670100
2006-12-22,22.299999,22.35,22.049999,22.16,19.140179,2399300
2006-12-26,22.120001000000002,22.360001,22.030001000000002,22.290001,19.252464,2035200
2006-12-27,22.26,22.32,22.129998999999998,22.25,19.217913,1893200
2006-12-28,22.190001000000002,22.280001000000002,22.049999,22.059998999999998,19.053801,1735500
2006-12-29,21.959999,22.129998999999998,21.9,22.040001,19.036533,2527800
2007-01-03,22.07,22.32,21.889999,21.940001000000002,18.950160999999998,2745200
2007-01-04,21.85,22.0,21.690001000000002,21.950001,18.958796,2486600
2007-01-05,21.9,21.950001,21.07,21.32,18.414645999999998,3365900
2007-01-08,21.280001000000002,21.370001000000002,20.77,21.02,18.155527,5538700
2007-01-09,20.190001000000002,20.299999,19.92,20.16,17.412725,18530800
2007-01-10,20.51,20.879998999999998,20.200001,20.74,17.913685,10199800
2007-01-11,20.0,20.74,20.0,20.4,17.620016,6088800
2007-01-12,20.459999,21.030001000000002,20.459999,20.940001000000002,18.086432000000002,6982400
2007-01-16,20.360001,21.280001000000002,20.35,21.1,18.224626999999998,5411500
2007-01-17,21.0,21.25,20.799999,21.0,18.138251999999998,5121400
2007-01-18,21.030001000000002,21.1,20.780001000000002,20.83,17.991419,2775400
2007-01-19,20.15,21.059998999999998,20.15,21.02,18.155527,3727200
2007-01-22,20.950001,20.98,20.639999,20.809998999999998,17.974144,2712100
2007-01-23,20.85,20.969998999999998,20.66,20.76,17.93096,3010200
2007-01-24,20.870001000000002,20.870001000000002,20.57,20.809998999999998,17.974144,2148800
2007-01-25,20.799999,20.85,20.58,20.610001,17.801401000000002,2677600
2007-01-26,20.700001,20.860001,20.620001000000002,20.77,17.939598,2483700
2007-01-29,20.67,21.07,20.66,20.99,18.129616,3772800
2007-01-30,21.049999,21.200001,20.83,20.889999,18.043245000000002,1523100
2007-01-31,20.719998999999998,20.84,20.6,20.790001,17.956871,2401000
2007-02-01,20.73,20.83,20.5,20.65,17.835953,3599700
2007-02-02,20.620001000000002,20.860001,20.58,20.82,17.982784,2064900
2007-02-05,21.5,21.5,20.709999,21.110001,18.233263,3189500
2007-02-06,21.120001000000002,22.09,21.110001,21.74,18.777407,6451800
2007-02-07,21.82,22.049999,21.709999,21.940001000000002,18.950160999999998,3817500
2007-02-08,21.940001000000002,22.41,21.84,22.360001,19.312923,4986700
2007-02-09,22.4,23.1,22.370001000000002,22.610001,19.528856,7082400
2007-02-12,22.68,22.75,22.219998999999998,22.25,19.217913,3289100
2007-02-13,22.200001,22.49,22.200001,22.459999,19.39929,2217600
2007-02-14,22.450001,22.65,22.33,22.379998999999998,19.330198,1770400
2007-02-15,22.299999,22.49,22.1,22.24,19.209276000000003,2604900
2007-02-16,22.15,22.35,22.030001000000002,22.299999,19.261097,2286600
2007-02-20,22.360001,22.83,22.290001,22.530001000000002,19.459754999999998,3302900
2007-02-21,22.41,22.65,22.309998999999998,22.549999,19.477034,2329400
2007-02-22,22.51,22.77,22.309998999999998,22.4,19.347471,2079000
2007-02-23,22.379998999999998,22.389999,22.120001000000002,22.280001000000002,19.243826000000002,2744200
2007-02-26,22.459999,22.879998999999998,22.309998999999998,22.52,19.451117,3443700
2007-02-27,22.32,22.450001,20.879998999999998,21.549999,18.613306,4778500
2007-02-28,21.110001,22.1,20.950001,21.32,18.414645999999998,5276200
2007-03-01,20.959999,21.299999,20.139999,21.059998999999998,18.190077,3825400
2007-03-02,20.99,21.23,20.540001,20.610001,17.801401000000002,4153000
2007-03-05,19.5,20.040001,19.440001000000002,19.780001000000002,17.084513,6449000
2007-03-06,20.139999,20.629998999999998,20.049999,20.559998999999998,17.758217000000002,10109800
2007-03-07,20.6,21.35,20.5,20.93,18.077795000000002,5430400
2007-03-08,21.110001,21.25,20.610001,20.66,17.844591,5260100
2007-03-09,20.84,20.860001,20.41,20.5,17.70639,4901000
2007-03-12,20.549999,21.190001000000002,20.549999,20.950001,18.09507,3345400
2007-03-13,20.870001000000002,21.139999,20.450001,20.530001000000002,17.732304,3497500
2007-03-14,20.65,20.889999,20.23,20.559998999999998,17.758217000000002,3886300
2007-03-15,20.57,20.9,20.42,20.74,17.913685,2964700
2007-03-16,20.700001,20.959999,20.42,20.469998999999998,17.680485,4142800
2007-03-19,20.629998999999998,21.040001,20.459999,21.01,18.146889,3644200
2007-03-20,20.889999,21.280001000000002,20.75,21.24,18.345549,3245900
2007-03-21,21.25,21.5,21.02,21.450001,18.526932000000002,3557600
2007-03-22,21.700001,21.700001,21.24,21.299999,18.397375,4808000
2007-03-23,21.290001,21.48,21.1,21.379998999999998,18.466475,2449400
2007-03-26,21.440001000000002,21.559998999999998,21.200001,21.530001000000002,18.596033,2322400
2007-03-27,21.540001,21.809998999999998,21.41,21.73,18.768774,2866600
2007-03-28,21.530001000000002,21.690001000000002,21.389999,21.459999,18.535567999999998,2744100
2007-03-29,21.440001000000002,21.85,21.440001000000002,21.76,18.794685,3184100
2007-03-30,21.709999,21.879998999999998,21.24,21.52,18.587391,3177400
2007-04-02,21.639999,22.01,21.5,22.01,19.010616,3258100
2007-04-03,22.0,22.08,21.370001000000002,21.540001,18.604668,4108300
2007-04-04,21.629998999999998,21.84,21.57,21.67,18.716951,2196600
2007-04-05,21.65,21.790001,21.530001000000002,21.690001000000002,18.734223999999998,1390200
2007-04-09,21.790001,22.299999,21.700001,22.280001000000002,19.243826000000002,3682300
2007-04-10,22.290001,22.52,22.24,22.42,19.36475,3173100
2007-04-11,22.48,22.48,22.139999,22.23,19.200638,2235700
2007-04-12,22.110001,22.190001000000002,21.65,21.969998999999998,18.97607,3980300
2007-04-13,22.82,22.82,21.549999,21.809998999999998,18.837872,3508000
2007-04-16,22.25,22.25,21.559998999999998,21.969998999999998,18.97607,4558000
2007-04-17,22.6,22.68,21.870001000000002,22.51,19.442482000000002,5369300
2007-04-18,22.49,22.9,22.33,22.780001000000002,19.675688,3951000
2007-04-19,21.98,22.77,21.98,22.74,19.641138,2962300
2007-04-20,22.92,23.18,22.639999,22.780001000000002,19.675688,7048000
2007-04-23,23.1,23.190001000000002,22.639999,22.790001,19.684322,3758500
2007-04-24,22.780001000000002,22.99,22.709999,22.84,19.727510000000002,3109300
2007-04-25,22.620001000000002,23.1,22.620001000000002,23.02,19.88298,2795000
2007-04-26,22.68,23.18,22.68,22.9,19.779332999999998,2458400
2007-04-27,22.809998999999998,22.92,22.459999,22.51,19.442482000000002,2092400
2007-04-30,22.5,22.559998999999998,21.969998999999998,21.99,18.993345,4096200
2007-05-01,22.139999,22.280001000000002,21.85,22.25,19.217913,2631500
2007-05-02,22.92,22.92,22.139999,22.42,19.36475,3949100
2007-05-03,22.52,22.58,22.209999,22.32,19.278374,2996400
2007-05-04,22.26,22.690001000000002,22.190001000000002,22.42,19.36475,3744100
2007-05-07,22.450001,22.540001,22.01,22.43,19.373383999999998,3956100
2007-05-08,22.41,22.41,22.08,22.299999,19.261097,3496300
2007-05-09,22.299999,22.68,22.15,22.6,19.520218,3429100
2007-05-10,22.540001,22.74,22.26,22.299999,19.261097,3311100
2007-05-11,22.299999,22.719998999999998,22.27,22.709999,19.615225,4123100
2007-05-14,22.0,22.959999,22.0,22.549999,19.477034,3334700
2007-05-15,22.5,23.08,22.389999,22.9,19.779332999999998,5092500
2007-05-16,23.74,24.24,22.82,23.41,20.219837,6245600
2007-05-17,23.299999,23.58,23.209999,23.469998999999998,20.271658,4384200
2007-05-18,23.74,23.74,23.040001,23.35,20.168011,5958700
2007-05-21,23.299999,23.629998999999998,23.25,23.610001,20.392576000000002,4254400
2007-05-22,23.65,23.65,23.309998999999998,23.370001000000002,20.185285999999998,3214400
2007-05-23,23.370001000000002,24.16,23.370001000000002,23.9,20.643063,5518800
2007-05-24,23.84,24.24,22.790001,23.139999,19.986628,7279200
2007-05-25,23.379998999999998,23.780001000000002,22.93,23.17,20.012539,5899800
2007-05-29,23.200001,23.379998999999998,22.92,22.969998999999998,19.839796,4458900
2007-05-30,22.35,23.73,22.35,23.700001,20.470318,4797800
2007-05-31,23.74,24.23,23.66,23.73,20.496230999999998,12568100
2007-06-01,23.73,24.040001,23.34,23.52,20.314844,6249100
2007-06-04,23.34,23.440001000000002,22.809998999999998,23.15,19.99527,5668500
2007-06-05,23.120001000000002,23.139999,22.68,22.73,19.632498000000002,5719100
2007-06-06,22.67,22.709999,21.92,21.950001,18.958796,7489600
2007-06-07,21.93,22.030001000000002,21.1,21.309998999999998,18.406012,8526200
2007-06-08,21.09,21.66,21.09,21.620001000000002,18.673771,5195300
2007-06-11,21.67,21.9,21.469998999999998,21.709999,18.751497,3130300
2007-06-12,21.51,21.559998999999998,20.99,21.049999,18.18144,6073500
2007-06-13,21.1,21.309998999999998,20.879998999999998,21.219998999999998,18.328274,4842500
2007-06-14,21.190001000000002,21.74,21.1,21.6,18.656496,4437900
2007-06-15,21.83,22.25,21.629998999999998,22.08,19.071077,5224900
2007-06-18,22.209999,22.209999,21.67,21.780001000000002,18.811957999999997,2232000
2007-06-19,21.73,21.889999,21.6,21.74,18.777407,3284700
2007-06-20,21.77,21.91,21.1,21.16,18.276449,3635100
2007-06-21,20.74,20.950001,20.540001,20.870001000000002,18.025972,6426400
2007-06-22,21.700001,21.99,21.299999,21.52,18.587391,8581500
2007-06-25,21.48,22.32,21.26,21.799999,18.829233,7269700
2007-06-26,21.91,22.190001000000002,21.809998999999998,21.860001,18.881058,7378800
2007-06-27,21.700001,22.09,21.52,22.0,19.001982,7226600
2007-06-28,21.92,22.059998999999998,21.59,21.639999,18.69104,4026600
2007-06-29,21.77,22.290001,21.66,21.879998999999998,18.898331,6445700
2007-07-02,21.959999,22.610001,21.959999,22.549999,19.477034,5684700
2007-07-03,21.809998999999998,23.0,21.809998999999998,22.5,19.433846,2723300
2007-07-05,22.4,22.59,21.85,22.280001000000002,19.243826000000002,4890700
2007-07-06,22.190001000000002,22.5,21.950001,22.459999,19.39929,3844100
2007-07-09,22.48,22.68,22.370001000000002,22.52,19.451117,4848500
2007-07-10,22.35,22.629998999999998,21.950001,21.969998999999998,18.97607,4921800
2007-07-11,21.9,22.120001000000002,21.73,22.110001,19.096991,4720700
2007-07-12,22.24,22.5,21.67,21.950001,18.958796,7697900
2007-07-13,21.969998999999998,22.5,21.719998999999998,22.389999,19.338835,3421500
2007-07-16,22.5,22.6,22.129998999999998,22.26,19.226553,4802000
2007-07-17,22.18,22.33,22.040001,22.23,19.200638,4425800
2007-07-18,22.18,22.5,21.99,22.450001,19.390657,5114500
2007-07-19,22.65,23.379998999999998,22.450001,23.25,20.081642000000002,7933700
2007-07-20,22.52,23.389999,22.32,22.92,19.796608,8907400
2007-07-23,22.639999,23.200001,22.299999,22.620001000000002,19.537491,5246700
2007-07-24,22.33,22.549999,21.32,21.41,18.492378,5764100
2007-07-25,21.42,21.99,21.280001000000002,21.49,18.561481,6349800
2007-07-26,21.24,21.440001000000002,20.059998999999998,20.59,17.784129999999998,6192700
2007-07-27,20.540001,20.73,20.01,20.1,17.360899,7291200
2007-07-30,20.0,20.209999,19.73,20.07,17.334989999999998,9214600
2007-07-31,20.23,20.690001000000002,19.620001000000002,19.65,16.972231,9972300
2007-08-01,19.59,20.040001,19.559998999999998,19.92,17.205431,9401200
2007-08-02,20.049999,20.33,19.700001,19.93,17.214064,6863200
2007-08-03,20.25,20.25,18.68,18.719998999999998,16.168957000000002,7126600
2007-08-06,18.860001,19.07,17.379998999999998,18.370001000000002,15.866658,14359400
2007-08-07,18.01,19.370001000000002,17.6,18.33,15.832107999999998,13602700
2007-08-08,18.5,19.59,18.5,19.190001000000002,16.574913000000002,8770900
2007-08-09,19.18,19.190001000000002,18.08,18.360001,15.858020000000002,8147500
2007-08-10,18.959999,19.09,17.610001,18.66,16.117138,8223000
2007-08-13,18.799999,19.950001,18.790001,19.360001,16.721748,6684700
2007-08-14,19.450001,19.459999,18.4,18.43,15.918479000000001,5329000
2007-08-15,18.299999,19.110001,18.07,18.17,15.693913,6874700
2007-08-16,17.99,18.110001,16.690001000000002,17.950001,15.503892,8793900
2007-08-17,19.34,19.42,17.889999,18.4,15.892560999999999,8803300
2007-08-20,18.42,18.709999,18.09,18.4,15.892560999999999,3634600
2007-08-21,18.219998999999998,18.41,18.059998999999998,18.17,15.693913,4655300
2007-08-22,18.24,19.059998999999998,18.24,19.01,16.419442999999998,6028800
2007-08-23,19.120001000000002,19.4,18.639999,18.790001,16.229418,4241100
2007-08-24,18.799999,19.16,18.6,19.129998999999998,16.523085000000002,3359200
2007-08-27,19.049999,19.110001,18.389999,18.389999,15.883926,4937300
2007-08-28,18.24,18.370001000000002,17.68,17.76,15.339781,5245400
2007-08-29,17.870001000000002,18.190001000000002,17.76,18.09,15.624811,5222900
2007-08-30,17.889999,18.120001000000002,17.76,17.91,15.469338,3539400
2007-08-31,18.25,18.370001000000002,18.030001000000002,18.110001,15.642085,3862500
2007-09-04,18.129998999999998,18.610001,18.049999,18.51,15.987576,5971600
2007-09-05,18.43,18.719998999999998,18.280001000000002,18.440001000000002,15.927113,6923300
2007-09-06,18.450001,19.049999,18.24,18.9,16.324429000000002,6477800
2007-09-07,18.6,18.76,18.17,18.290001,15.797555,6113600
2007-09-10,18.299999,18.41,17.77,18.07,15.607534,4472600
2007-09-11,18.07,18.25,17.92,18.030001000000002,15.572989000000002,5244100
2007-09-12,17.940001000000002,18.35,17.9,18.049999,15.590260999999998,4185700
2007-09-13,18.120001000000002,18.290001,18.02,18.09,15.624811,2834000
2007-09-14,17.969998999999998,18.23,17.959999,18.15,15.676635000000001,3187900
2007-09-17,17.99,18.26,17.65,18.17,15.693913,6955900
2007-09-18,18.219998999999998,19.09,18.139999,19.01,16.419442999999998,6470400
2007-09-19,19.26,19.379998999999998,19.059998999999998,19.25,16.626738,7609800
2007-09-20,19.200001,19.639999,19.16,19.33,16.695833,4484900
2007-09-21,19.559998999999998,19.690001000000002,19.33,19.58,16.911764,5265200
2007-09-24,19.5,20.549999,19.5,20.27,17.507735999999998,9780400
2007-09-25,20.209999,20.290001,19.969998999999998,20.280001000000002,17.516373,6005500
2007-09-26,20.34,20.620001000000002,20.25,20.41,17.628653,3151800
2007-09-27,20.459999,20.549999,20.379998999999998,20.49,17.697756,2997200
2007-09-28,20.440001000000002,20.52,19.98,20.040001,17.309074,3727600
2007-10-01,20.139999,20.799999,20.120001000000002,20.719998999999998,17.896407999999997,3961600
2007-10-02,20.639999,20.85,20.440001000000002,20.59,17.784129999999998,3139600
2007-10-03,20.459999,20.549999,20.18,20.290001,17.525009,3757500
2007-10-04,20.379998999999998,20.58,20.280001000000002,20.530001000000002,17.732304,2136000
2007-10-05,20.620001000000002,20.950001,20.57,20.799999,17.965506,1913900
2007-10-08,20.780001000000002,20.85,20.6,20.67,17.85323,1016200
2007-10-09,20.58,21.360001,20.459999,21.24,18.345549,3051800
2007-10-10,21.219998999999998,21.459999,21.1,21.34,18.431923,3764300
2007-10-11,21.49,21.75,21.280001000000002,21.4,18.483742000000003,4331400
2007-10-12,21.450001,21.66,21.27,21.440001000000002,18.518295000000002,2841400
2007-10-15,21.280001000000002,21.530001000000002,20.75,20.9,18.051882,4065300
2007-10-16,21.0,21.26,20.950001,21.120001000000002,18.241901000000002,4104700
2007-10-17,21.290001,21.459999,20.719998999999998,20.879998999999998,18.034609,4114400
2007-10-18,20.790001,21.15,20.719998999999998,21.0,18.138251999999998,2597300
2007-10-19,20.83,20.860001,19.92,20.23,17.473185,6183400
2007-10-22,20.219998999999998,20.690001000000002,19.780001000000002,20.52,17.723667000000003,3119000
2007-10-23,20.58,20.700001,20.059998999999998,20.209999,17.45591,2428000
2007-10-24,20.09,20.51,20.059998999999998,20.389999,17.611378,3564900
2007-10-25,20.459999,20.799999,20.4,20.65,17.835953,2250500
2007-10-26,20.530001000000002,20.93,20.52,20.9,18.051882,2883800
2007-10-29,20.969998999999998,21.5,20.93,21.24,18.345549,2929400
2007-10-30,21.1,21.43,21.07,21.23,18.33691,1674400
2007-10-31,21.299999,21.5,21.190001000000002,21.41,18.492378,3113100
2007-11-01,20.92,21.700001,20.92,21.16,18.276449,4102500
2007-11-02,21.17,21.690001000000002,21.059998999999998,21.67,18.716951,9699200
2007-11-05,21.450001,22.0,21.42,21.92,18.932886,4286400
2007-11-06,21.940001000000002,22.75,21.469998999999998,22.530001000000002,19.459754999999998,10129300
2007-11-07,22.23,23.09,21.799999,21.85,18.872421,7265800
2007-11-08,22.0,22.17,21.57,22.030001000000002,19.027893,5553500
2007-11-09,21.700001,21.93,21.58,21.82,18.846508,4673100
2007-11-12,21.83,21.83,21.07,21.15,18.267815,5973700
2007-11-13,21.290001,21.780001000000002,20.76,21.639999,18.69104,7689700
2007-11-14,21.809998999999998,22.35,21.459999,21.959999,18.967434,6968200
2007-11-15,21.950001,22.360001,21.77,21.85,18.872421,4304600
2007-11-16,22.040001,22.190001000000002,21.309998999999998,21.85,18.872421,4729400
2007-11-19,21.67,22.0,21.51,21.780001000000002,18.811957999999997,5212100
2007-11-20,21.9,22.02,21.469998999999998,21.780001000000002,18.811957999999997,4683700
2007-11-21,21.67,21.74,20.809998999999998,20.84,18.000055,5782500
2007-11-23,21.02,21.219998999999998,20.76,21.16,18.276449,1460800
2007-11-26,21.120001000000002,21.85,20.75,20.75,17.922323000000002,5070400
2007-11-27,20.82,21.450001,20.73,20.84,18.000055,5067000
2007-11-28,21.040001,21.620001000000002,20.809998999999998,21.58,18.639217000000002,6262700
2007-11-29,21.49,21.860001,21.440001000000002,21.65,18.699678,3829000
2007-11-30,21.870001000000002,21.879998999999998,21.530001000000002,21.85,18.872421,4214900
2007-12-03,21.700001,22.0,21.620001000000002,21.73,18.768774,2473700
2007-12-04,21.57,21.9,21.32,21.65,18.699678,2846700
2007-12-05,21.76,22.059998999999998,21.610001,21.99,18.993345,2978300
2007-12-06,21.98,21.98,21.309998999999998,21.469998999999998,18.544209,7706700
2007-12-07,21.469998999999998,22.08,21.469998999999998,21.940001000000002,18.950160999999998,3127900
2007-12-10,21.959999,22.540001,21.950001,22.27,19.235191,3488000
2007-12-11,22.35,22.5,21.74,21.790001,18.820601999999997,4709400
2007-12-12,22.23,22.5,21.610001,21.870001000000002,18.889696,4860800
2007-12-13,21.719998999999998,22.049999,21.52,21.799999,18.829233,3232600
2007-12-14,21.790001,21.799999,21.309998999999998,21.6,18.656496,4246700
2007-12-17,21.459999,21.559998999999998,21.200001,21.290001,18.388739,3369800
2007-12-18,21.4,21.610001,20.98,21.58,18.639217000000002,5488600
2007-12-19,21.51,21.83,21.32,21.559998999999998,18.621942999999998,3161500
2007-12-20,21.67,21.75,21.049999,21.690001000000002,18.734223999999998,4011100
2007-12-21,22.24,22.24,21.74,21.98,18.984710999999997,5535700
2007-12-24,21.85,22.200001,21.85,22.09,19.079720000000002,1450300
2007-12-26,22.02,22.200001,21.9,22.129998999999998,19.114265,2683600
2007-12-27,22.049999,22.15,21.709999,21.709999,18.751497,3221200
2007-12-28,21.700001,21.879998999999998,21.530001000000002,21.66,18.708315,2835000
2007-12-31,21.629998999999998,21.780001000000002,21.27,21.389999,18.475109,2085600
2008-01-02,21.42,21.59,21.08,21.110001,18.233263,3065800
2008-01-03,21.139999,21.27,21.030001000000002,21.059998999999998,18.190077,3114600
2008-01-04,20.92,21.35,20.75,21.139999,18.259178,4319500
2008-01-07,21.299999,22.139999,21.24,21.99,18.993345,5816900
2008-01-08,22.059998999999998,22.48,21.870001000000002,21.9,18.915606,4819200
2008-01-09,21.969998999999998,22.09,21.48,21.51,18.578756,7842000
2008-01-10,21.469998999999998,22.030001000000002,21.4,21.700001,18.742859,4629500
2008-01-11,21.33,21.48,20.92,21.110001,18.233263,3887500
2008-01-14,21.309998999999998,21.43,21.049999,21.190001000000002,18.302362,3362600
2008-01-15,21.02,21.309998999999998,20.459999,20.459999,17.671843,5848700
2008-01-16,20.450001,20.709999,19.120001000000002,19.450001,16.79948,9844400
2008-01-17,19.469998999999998,19.5,18.24,18.34,15.840744,8409100
2008-01-18,18.450001,18.76,17.91,18.219998999999998,15.737094,9097300
2008-01-22,17.32,18.24,16.629998999999998,17.690001000000002,15.279320000000002,8169000
2008-01-23,17.190001000000002,18.15,17.059998999999998,18.120001000000002,15.650720000000002,7214500
2008-01-24,18.23,18.969998999999998,17.99,18.15,15.676635000000001,5683800
2008-01-25,18.299999,18.540001,18.09,18.219998999999998,15.737094,5589800
2008-01-28,18.280001000000002,18.75,18.049999,18.66,16.117138,3472500
2008-01-29,18.870001000000002,19.110001,18.68,18.77,16.212149,3430000
2008-01-30,18.639999,19.219998999999998,18.559998999999998,18.65,16.108501,3747500
2008-01-31,18.41,19.280001000000002,18.17,19.09,16.488535,3675200
2008-02-01,18.950001,19.530001000000002,18.57,19.459999,16.808113,4054900
2008-02-04,19.5,19.860001,19.450001,19.639999,16.963593,3011500
2008-02-05,19.33,20.299999,19.23,19.9,17.188154,9032900
2008-02-06,20.0,20.08,19.360001,19.440001000000002,16.79084,5079300
2008-02-07,19.42,19.58,19.01,19.42,16.773567,3734100
2008-02-08,19.290001,19.379998999999998,19.0,19.139999,16.531723,2687600
2008-02-11,19.059998999999998,19.42,18.950001,19.370001000000002,16.730381,2419900
2008-02-12,19.5,19.65,18.98,19.139999,16.531723,3850900
2008-02-13,19.33,19.5,19.190001000000002,19.469998999999998,16.816755,4684700
2008-02-14,19.370001000000002,19.75,19.16,19.290001,16.661282999999997,3095700
2008-02-15,19.290001,19.32,18.969998999999998,19.290001,16.661282999999997,3366500
2008-02-19,19.450001,19.549999,19.07,19.219998999999998,16.600817000000003,4235100
2008-02-20,19.15,19.16,18.77,19.049999,16.453986999999998,4352500
2008-02-21,19.139999,19.280001000000002,18.57,18.68,16.134411,4470300
2008-02-22,18.780001000000002,18.91,18.48,18.870001000000002,16.298519,4010500
2008-02-25,18.940001000000002,19.4,18.83,19.360001,16.721748,3156100
2008-02-26,19.299999,19.450001,19.1,19.43,16.782206,3929500
2008-02-27,19.299999,19.370001000000002,18.75,18.889999,16.315794,3998600
2008-02-28,18.790001,18.85,18.620001000000002,18.77,16.212149,2786000
2008-02-29,18.6,18.65,17.9,17.98,15.529803,3406100
2008-03-03,17.690001000000002,18.469998999999998,17.59,18.440001000000002,15.927113,5350500
2008-03-04,18.290001,18.639999,18.200001,18.5,15.978935,4824700
2008-03-05,18.540001,18.75,18.27,18.620001000000002,16.082586,3687600
2008-03-06,18.530001000000002,18.559998999999998,18.0,18.049999,15.590260999999998,5263700
2008-03-07,17.940001000000002,18.07,17.639999,17.780001000000002,15.357054999999999,4407800
2008-03-10,17.76,17.809998999999998,17.459999,17.5,15.115212,6690700
2008-03-11,17.860001,18.18,17.459999,17.870001000000002,15.434795000000001,7297400
2008-03-12,17.959999,18.02,17.559998999999998,17.58,15.18431,5369300
2008-03-13,17.33,17.940001000000002,17.32,17.83,15.400245000000002,8098100
2008-03-14,17.860001,17.889999,17.0,17.6,15.201589000000002,7069500
2008-03-17,17.110001,17.299999,15.81,16.07,13.880084,8717200
2008-03-18,16.34,16.67,16.23,16.41,14.173751999999999,9289600
2008-03-19,16.610001,16.74,15.97,15.98,13.802345,6785000
2008-03-20,16.0,16.299999,15.7,16.08,13.888720999999999,10169600
2008-03-24,16.18,16.309998999999998,16.08,16.129998999999998,13.931907,4451900
2008-03-25,16.200001,16.379998999999998,16.040001,16.17,13.966455999999999,6888300
2008-03-26,16.059998999999998,16.379998999999998,16.01,16.24,14.026917000000001,3409200
2008-03-27,16.25,16.52,16.25,16.290001,14.070106,5929100
2008-03-28,16.389999,16.73,16.280001000000002,16.32,14.096016,4231400
2008-03-31,16.25,16.780001000000002,16.219998999999998,16.67,14.398317,5691600
2008-04-01,16.76,16.959999,16.67,16.85,14.553792000000001,7088100
2008-04-02,16.85,17.08,16.74,17.01,14.691991,5410500
2008-04-03,16.870001000000002,17.08,16.870001000000002,16.93,14.62289,4766000
2008-04-04,17.08,17.49,16.91,17.059998999999998,14.735175,5618000
2008-04-07,17.209999,17.209999,16.93,16.959999,14.648801999999998,4442900
2008-04-08,17.030001000000002,17.450001,16.85,17.360001,14.994291,6209000
2008-04-09,17.34,17.67,17.290001,17.4,15.028839000000001,4456600
2008-04-10,17.450001,17.48,16.959999,17.059998999999998,14.735175,5021400
2008-04-11,17.01,17.27,16.85,17.25,14.899281,10121900
2008-04-14,17.209999,17.299999,16.950001,17.18,14.838820000000002,4742400
2008-04-15,17.26,17.67,17.190001000000002,17.540001,15.149764999999999,4876800
2008-04-16,17.51,17.879998999999998,17.51,17.870001000000002,15.434795000000001,3061900
2008-04-17,17.85,18.200001,17.73,17.799999,15.374327,4653200
2008-04-18,18.059998999999998,18.129998999999998,17.799999,18.0,15.547072,3800200
2008-04-21,17.940001000000002,17.950001,17.58,17.82,15.391603,2698100
2008-04-22,17.780001000000002,17.780001000000002,17.51,17.629998999999998,15.227492999999999,3266000
2008-04-23,17.66,17.74,17.48,17.629998999999998,15.227492999999999,3500600
2008-04-24,17.73,17.93,17.450001,17.709999,15.296594,2481900
2008-04-25,17.83,18.0,17.790001,17.99,15.538437,2466900
2008-04-28,18.08,18.33,17.959999,18.08,15.616173000000002,4189600
2008-04-29,18.1,18.15,17.290001,17.379998999999998,15.011566,7258700
2008-04-30,17.379998999999998,17.690001000000002,17.33,17.360001,14.994291,4233300
2008-05-01,17.389999,17.66,17.24,17.65,15.244772,3003500
2008-05-02,17.790001,18.08,17.790001,18.0,15.547072,3938700
2008-05-05,18.0,18.059998999999998,17.75,17.870001000000002,15.434795000000001,3081600
2008-05-06,17.889999,18.0,17.639999,17.93,15.486614999999999,2957100
2008-05-07,17.9,18.0,17.629998999999998,17.66,15.25341,3806800
2008-05-08,17.75,17.959999,17.540001,17.93,15.486614999999999,4471200
2008-05-09,18.450001,19.200001,18.07,19.110001,16.505808,9085900
2008-05-12,19.27,19.620001000000002,19.219998999999998,19.5,16.842665,8845900
2008-05-13,19.639999,19.700001,19.360001,19.51,16.851298999999997,4123000
2008-05-14,19.98,19.99,19.51,19.870001000000002,17.162245000000002,5725800
2008-05-15,19.92,19.92,19.5,19.91,17.196789000000003,4850100
2008-05-16,19.9,19.99,19.790001,19.85,17.144964,4278000
2008-05-19,19.82,20.0,19.690001000000002,19.76,17.067238,4000100
2008-05-20,19.809998999999998,19.809998999999998,19.459999,19.530001000000002,16.868574,3312300
2008-05-21,19.43,19.91,19.42,19.469998999999998,16.816755,5925100
2008-05-22,19.459999,19.59,19.370001000000002,19.540001,16.877218,2712900
2008-05-23,19.5,19.57,18.9,18.92,16.341701999999998,3475600
2008-05-27,18.889999,19.0,18.690001000000002,18.790001,16.229418,3408000
2008-05-28,18.950001,19.139999,18.77,19.07,16.471258,5333700
2008-05-29,18.940001000000002,19.32,18.940001000000002,19.25,16.626738,3483200
2008-05-30,19.34,19.58,19.129998999999998,19.48,16.825394,4526200
2008-06-02,19.24,19.43,18.83,19.16,16.549,6525600
2008-06-03,19.219998999999998,19.370001000000002,19.049999,19.049999,16.453986999999998,3801800
2008-06-04,19.01,19.84,19.01,19.68,16.998133,6925500
2008-06-05,19.67,19.950001,19.540001,19.889999,17.179516,3690500
2008-06-06,19.639999,19.879998999999998,19.33,19.34,16.704475,4945200
2008-06-09,19.27,19.98,19.27,19.870001000000002,17.162245000000002,5442700
2008-06-10,19.700001,19.799999,19.52,19.629998999999998,16.954948,3815800
2008-06-11,19.5,19.709999,19.34,19.35,16.713108,4470800
2008-06-12,19.42,19.49,19.219998999999998,19.360001,16.721748,3244700
2008-06-13,19.440001000000002,20.129998999999998,19.440001000000002,20.120001000000002,17.378173999999998,5312400
2008-06-16,20.15,20.290001,19.82,20.120001000000002,17.378173999999998,2877900
2008-06-17,20.16,20.379998999999998,20.059998999999998,20.34,17.568195000000003,3610500
2008-06-18,20.17,20.469998999999998,19.950001,19.98,17.257255999999998,4736000
2008-06-19,19.98,20.799999,19.879998999999998,20.24,17.481819,3758300
2008-06-20,20.120001000000002,20.26,19.51,19.559998999999998,16.894485,6178300
2008-06-23,19.6,19.879998999999998,19.51,19.559998999999998,16.894485,3624000
2008-06-24,19.530001000000002,19.530001000000002,19.01,19.16,16.549,5866100
2008-06-25,19.190001000000002,19.299999,18.92,19.040001,16.445353,5614600
2008-06-26,18.870001000000002,19.059998999999998,18.48,18.6,16.065310999999998,5200500
2008-06-27,18.58,18.860001,18.5,18.799999,16.238054,7336300
2008-06-30,18.790001,19.32,18.75,19.209999,16.592184,5531100
2008-07-01,18.959999,19.5,18.9,19.27,16.644009,6338700
2008-07-02,19.27,19.34,18.77,18.77,16.212149,4562800
2008-07-03,18.76,19.35,18.690001000000002,18.77,16.212149,3583200
2008-07-07,18.809998999999998,19.0,18.040001,18.120001000000002,15.650720000000002,6552500
2008-07-08,18.200001,18.48,17.889999,18.049999,15.590260999999998,9129000
2008-07-09,18.030001000000002,18.139999,17.780001000000002,17.780001000000002,15.357054999999999,6061200
2008-07-10,17.76,17.98,17.360001,17.459999,15.080666,8342300
2008-07-11,17.299999,17.790001,17.17,17.59,15.192946,4947600
2008-07-14,17.780001000000002,17.799999,17.309998999999998,17.35,14.985654,3655800
2008-07-15,17.09,17.389999,16.559998999999998,16.67,14.398317,11543700
2008-07-16,16.719998999999998,16.719998999999998,16.08,16.120001000000002,13.92327,8300900
2008-07-17,16.200001,16.32,16.049999,16.24,14.026917000000001,5971600
2008-07-18,16.25,16.879998999999998,16.16,16.77,14.484694000000001,8127600
2008-07-21,16.870001000000002,17.15,16.719998999999998,17.110001,14.778360000000001,4091700
2008-07-22,17.059998999999998,17.200001,16.940001000000002,17.059998999999998,14.735175,4226200
2008-07-23,17.08,17.18,16.67,16.77,14.484694000000001,4802700
2008-07-24,16.809998999999998,16.809998999999998,16.049999,16.139999,13.940545000000002,6096200
2008-07-25,16.18,16.639999,16.049999,16.16,13.957819,4682500
2008-07-28,16.18,16.66,16.120001000000002,16.42,14.182387,5130200
2008-07-29,16.450001,16.6,16.23,16.6,14.337862,3911000
2008-07-30,16.67,17.049999,16.52,17.040001,14.717901000000001,4041500
2008-07-31,17.09,17.09,16.129998999999998,16.139999,13.940545000000002,7805100
2008-08-01,16.26,16.299999,15.49,15.53,13.413670000000002,7774800
2008-08-04,15.55,15.81,14.91,14.96,12.921349000000001,8186100
2008-08-05,15.14,15.94,14.96,15.92,13.750523999999999,9830200
2008-08-06,15.82,16.120001000000002,15.71,15.98,13.802345,6619600
2008-08-07,15.93,16.27,15.74,16.049999,13.862808,5550900
2008-08-08,16.860001,16.860001,14.78,15.72,13.577781,11779900
2008-08-11,15.79,15.97,15.34,15.89,13.724614,5677200
2008-08-12,15.97,16.0,15.62,15.8,13.646879,3800900
2008-08-13,15.72,15.91,15.56,15.64,13.508682,5212600
2008-08-14,15.5,15.54,14.92,15.15,13.085453999999999,6863400
2008-08-15,15.15,15.42,15.0,15.32,13.232289000000002,4805300
2008-08-18,15.39,15.56,15.12,15.17,13.102729,4004300
2008-08-19,15.06,15.29,15.01,15.16,13.094091,4439100
2008-08-20,15.2,15.33,15.11,15.31,13.223653,4618700
2008-08-21,15.06,15.5,15.06,15.43,13.327302,3213900
2008-08-22,15.49,15.8,15.41,15.77,13.620965,4139200
2008-08-25,15.77,15.79,15.24,15.35,13.258203,3647800
2008-08-26,15.01,15.82,15.0,15.41,13.310025,2936400
2008-08-27,15.38,15.52,15.27,15.43,13.327302,3000600
2008-08-28,15.49,15.64,15.35,15.49,13.379122,2415100
2008-08-29,15.39,15.65,15.23,15.26,13.180465,2633700
2008-09-02,15.35,15.63,14.73,14.77,12.757239,5944700
2008-09-03,14.77,15.01,14.29,14.75,12.739965,10887200
2008-09-04,14.73,14.87,14.36,14.47,12.498123,8631400
2008-09-05,14.45,14.7,14.29,14.62,12.627680999999999,7031900
2008-09-08,14.74,15.2,14.74,14.95,12.912709,6136500
2008-09-09,14.91,15.35,13.18,13.18,11.383916000000001,13801000
2008-09-10,13.34,13.92,13.25,13.86,11.971247,11007800
2008-09-11,13.8,13.96,13.5,13.55,11.703495,11471000
2008-09-12,13.46,14.32,13.41,14.22,12.282191000000001,12113900
2008-09-15,13.71,13.87,12.86,12.89,11.133433,8131600
2008-09-16,12.72,12.83,11.9,12.43,10.736121,12643500
2008-09-17,12.2,12.46,11.13,11.23,9.699645,17203000
2008-09-18,11.34,12.32,10.9,12.02,10.381991000000001,19026400
2008-09-19,12.79,13.75,12.26,13.21,11.409825,15522300
2008-09-22,13.3,13.43,12.68,12.81,11.064336,7152600
2008-09-23,12.74,13.04,12.56,12.82,11.072973,5587800
2008-09-24,12.75,12.86,12.35,12.54,10.831128999999999,6035100
2008-09-25,12.64,13.31,12.52,13.07,11.288905,5606600
2008-09-26,12.9,12.96,12.4,12.58,10.865681,5716300
2008-09-29,12.4,12.49,10.99,11.4,9.846480999999999,10533600
2008-09-30,11.48,11.85,11.13,11.69,10.096961,5533700
2008-10-01,11.59,11.74,11.13,11.28,9.742834,4878400
2008-10-02,11.2,11.32,10.25,10.45,9.025941,6733300
2008-10-03,10.59,10.8,9.82,9.92,8.568164999999999,7304400
2008-10-06,9.7,10.76,8.38,8.83,7.626705,13598500
2008-10-07,8.98,9.3,8.7,9.16,7.911736,15884100
2008-10-08,9.09,9.78,8.9,9.09,7.851273,14983400
2008-10-09,9.11,9.26,8.39,8.63,7.453958,9875100
2008-10-10,8.21,8.21,6.66,7.63,6.590232,17104500
2008-10-13,8.19,9.47,7.65,9.47,8.179489,7508000
2008-10-14,9.87,10.23,8.43,8.93,7.713078,13832300
2008-10-15,8.67,8.75,7.88,8.11,7.004821000000001,9721800
2008-10-16,8.14,8.51,7.51,7.74,6.685242,12998400
2008-10-17,7.55,8.73,7.39,8.16,7.048008,11730700
2008-10-20,8.25,9.91,8.25,9.89,8.542256,14757900
2008-10-21,9.79,10.27,9.47,9.86,8.516341,8626500
2008-10-22,9.6,9.72,8.05,8.31,7.177567,11790500
2008-10-23,8.35,8.98,7.84,8.42,7.272577,13458600
2008-10-24,7.7,8.0,7.06,7.86,6.788889999999999,9916300
2008-10-27,7.71,7.84,7.04,7.09,6.1238209999999995,5757800
2008-10-28,7.5,7.9,6.3,7.85,6.780252000000001,12796800
2008-10-29,7.79,8.04,7.3,7.59,6.555683999999999,10107000
2008-10-30,7.77,8.98,7.72,8.1,6.996186,12608500
2008-10-31,8.21,8.31,7.45,7.97,6.8839,8303000
2008-11-03,7.8,8.17,7.62,7.92,6.840714,5373300
2008-11-04,8.15,8.29,7.5,7.78,6.719791000000001,8779500
2008-11-05,7.55,7.61,7.1,7.24,6.25338,9082200
2008-11-06,7.27,7.41,6.44,6.61,5.709231,7911100
2008-11-07,6.84,8.57,6.84,8.48,7.324400999999999,12839700
2008-11-10,8.94,9.29,7.5,7.69,6.642057,9820200
2008-11-11,7.56,7.62,6.71,7.18,6.201555,10643500
2008-11-12,6.95,7.65,6.88,7.35,6.348389,8740900
2008-11-13,7.42,8.49,7.34,8.26,7.134380999999999,22789600
2008-11-14,8.02,8.82,7.74,8.28,7.151655,11281800
2008-11-17,8.12,8.7,7.9,8.2,7.082557,9332800
2008-11-18,8.16,8.4,7.76,8.04,6.944361,8100800
2008-11-19,7.99,8.19,7.51,7.55,6.521135,8586600
2008-11-20,7.24,7.73,6.74,6.89,5.951075,14549600
2008-11-21,7.1,7.3,6.53,7.26,6.2706550000000005,10288800
2008-11-24,7.43,7.5,7.08,7.21,6.227468,9927200
2008-11-25,7.7,7.71,7.05,7.49,6.469311,10225100
2008-11-26,7.29,7.6,7.07,7.58,6.547046,6784100
2008-11-28,7.45,7.82,7.45,7.69,6.642057,3550800
2008-12-01,7.44,7.44,6.85,6.91,5.96835,9130200
2008-12-02,7.1,7.9,6.95,7.82,6.754341,12401100
2008-12-03,7.43,7.58,6.99,7.18,6.201555,15197000
2008-12-04,7.0,7.39,6.73,6.91,5.96835,9626800
2008-12-05,6.79,6.79,5.8,6.4,5.52785,15601000
2008-12-08,6.59,7.25,6.53,7.06,6.097908,11081800
2008-12-09,7.06,7.39,6.99,7.17,6.192919,6570500
2008-12-10,7.24,7.52,6.93,7.03,6.071998000000001,7617000
2008-12-11,7.19,7.48,6.94,7.12,6.149733,4235800
2008-12-12,6.89,7.27,6.68,7.27,6.279291000000001,7883100
2008-12-15,7.28,7.5,6.87,7.0,6.046085,5347000
2008-12-16,7.06,8.0,7.06,7.99,6.901173,10959400
2008-12-17,7.82,7.91,7.52,7.53,6.5038599999999995,14662900
2008-12-18,7.54,8.24,7.47,8.05,6.952999,11763700
2008-12-19,8.3,8.42,7.35,7.88,6.806164999999999,12824200
2008-12-22,7.9,8.11,7.58,7.8,6.737067,7714500
2008-12-23,7.85,8.06,7.5,7.59,6.555683999999999,4497400
2008-12-24,7.63,7.67,7.57,7.62,6.581595,1157600
2008-12-26,7.66,7.84,7.59,7.77,6.711155000000001,1695000
2008-12-29,7.76,7.96,7.58,7.85,6.780252000000001,5222300
2008-12-30,7.9,8.14,7.8,8.11,7.004821000000001,3412100
2008-12-31,8.1,8.47,8.1,8.24,7.1171050000000005,6924100
2009-01-02,8.24,8.69,8.16,8.64,7.462597,4888800
2009-01-05,8.67,9.14,8.42,9.13,7.885824,8997500
2009-01-06,9.19,9.48,9.12,9.39,8.110393,11239700
2009-01-07,9.28,9.37,8.89,9.03,7.799448,6976900
2009-01-08,8.55,9.35,8.55,9.27,8.006745,8120600
2009-01-09,9.29,9.4,9.03,9.28,8.015381,6569000
2009-01-12,9.27,9.27,8.77,8.86,7.652617,9114000
2009-01-13,8.95,9.0,8.35,8.49,7.333036,7272300
2009-01-14,8.4,8.4,7.85,8.15,7.039371000000001,8978200
2009-01-15,8.12,8.16,7.58,7.94,6.857989,11479300
2009-01-16,8.16,8.61,8.03,8.56,7.393499,9378800
2009-01-20,8.51,8.66,8.02,8.05,6.952999,6001300
2009-01-21,8.32,8.34,7.99,8.25,7.125742,6321600
2009-01-22,8.13,8.29,8.0,8.15,7.039371000000001,5600700
2009-01-23,8.04,8.45,7.67,8.27,7.1430169999999995,8043600
2009-01-26,8.28,8.7,8.22,8.47,7.315761999999999,7104600
2009-01-27,8.4,8.88,8.4,8.67,7.488508,6964700
2009-01-28,8.88,8.93,8.58,8.67,7.488508,4469800
2009-01-29,8.43,8.73,8.32,8.34,7.203479,3375700
2009-01-30,8.27,8.48,7.85,7.91,6.832076,5300100
2009-02-02,7.77,8.07,7.47,7.98,6.892538,7927900
2009-02-03,8.02,8.19,7.89,8.13,7.0220970000000005,4547500
2009-02-04,8.19,8.43,8.1,8.3,7.168931,3687400
2009-02-05,8.28,8.43,7.9,8.24,7.1171050000000005,4968500
2009-02-06,8.11,8.65,8.1,8.58,7.410774000000001,4496200
2009-02-09,8.65,8.65,8.2,8.26,7.134380999999999,4377700
2009-02-10,8.27,8.4,7.9,8.06,6.961635,8339300
2009-02-11,8.01,8.15,7.75,7.9,6.82344,5026900
2009-02-12,7.62,7.94,7.5,7.91,6.832076,7101500
2009-02-13,7.86,8.0,7.67,7.74,6.685242,4212500
2009-02-17,7.53,7.53,7.0,7.18,6.201555,7875100
2009-02-18,7.25,7.31,6.95,7.09,6.1238209999999995,6179500
2009-02-19,7.18,7.47,7.07,7.3,6.305203,5488900
2009-02-20,7.15,7.2,6.55,6.71,5.795605,8250000
2009-02-23,6.85,6.93,6.33,6.38,5.510573,11160600
2009-02-24,6.44,6.85,6.33,6.82,5.890614,4994600
2009-02-25,6.43,6.68,6.32,6.5,5.614221,8849200
2009-02-26,6.59,6.97,6.51,6.96,6.011537000000001,9195700
2009-02-27,6.81,6.81,6.0,6.3,5.441477,14217300
2009-03-02,6.14,6.27,5.55,5.6,4.836868,10172200
2009-03-03,5.71,6.0,5.3,5.32,4.595025,10663200
2009-03-04,5.35,5.67,5.35,5.52,4.767769,5914300
2009-03-05,5.38,5.41,4.8,5.0,4.318632,9046900
2009-03-06,4.98,5.31,4.89,5.11,4.413641999999999,12716200
2009-03-09,5.13,5.31,4.85,4.91,4.2408980000000005,4887300
2009-03-10,5.06,5.37,4.91,5.31,4.586387,8490400
2009-03-11,5.43,5.66,5.35,5.59,4.828231,7976100
2009-03-12,5.56,6.12,5.44,6.05,5.225544999999999,9973200
2009-03-13,6.1,6.37,6.06,6.14,5.30328,9870600
2009-03-16,6.22,6.76,6.22,6.57,5.674683,7449900
2009-03-17,6.59,6.59,6.29,6.41,5.536487,7025200
2009-03-18,6.37,6.84,6.25,6.79,5.8647029999999996,6555100
2009-03-19,6.84,7.0,6.57,6.6,5.700594000000001,8610900
2009-03-20,6.64,6.75,6.29,6.42,5.5451239999999995,7467800
2009-03-23,6.7,6.82,6.54,6.79,5.8647029999999996,6179400
2009-03-24,6.69,6.74,6.38,6.5,5.614221,5432400
2009-03-25,6.67,6.68,6.02,6.13,5.294643,7357300
2009-03-26,6.36,6.36,6.06,6.25,5.398291,12154400
2009-03-27,6.16,6.25,6.0,6.16,5.320555000000001,9192400
2009-03-30,6.14,6.14,5.58,5.65,4.880054,9141300
2009-03-31,5.75,6.0,5.7,5.81,5.01825,8344400
2009-04-01,5.73,5.98,5.62,5.92,5.1132610000000005,5442400
2009-04-02,6.11,6.33,5.95,6.26,5.406927,12624600
2009-04-03,6.25,6.3,6.08,6.27,5.415565,7462500
2009-04-06,6.19,6.38,6.11,6.28,5.424201,6633000
2009-04-07,6.17,6.26,6.0,6.12,5.286005,6320100
2009-04-08,6.16,6.5,6.05,6.45,5.571034,9214000
2009-04-09,6.67,6.9,6.49,6.76,5.8387910000000005,10260600
2009-04-13,6.74,6.74,6.44,6.51,5.622859,6918900
2009-04-14,6.48,6.69,6.42,6.52,5.631496,7792600
2009-04-15,6.49,6.68,6.48,6.55,5.657408,5095000
2009-04-16,6.64,6.85,6.52,6.75,5.830153,9097400
2009-04-17,6.8,6.97,6.7,6.95,6.0029,8443300
2009-04-20,6.82,6.89,6.51,6.56,5.6660449999999996,11349600
2009-04-21,6.65,6.95,6.65,6.85,5.916525,8861500
2009-04-22,6.75,6.84,6.66,6.7,5.786967,7911200
2009-04-23,6.66,6.83,6.66,6.69,5.77833,7213800
2009-04-24,6.79,6.99,6.7,6.92,5.976986,6566600
2009-04-27,6.8,6.92,6.51,6.55,5.657408,8696800
2009-04-28,6.52,6.7,6.33,6.58,5.68332,8040500
2009-04-29,6.63,6.8,6.57,6.77,5.847428,7842200
2009-04-30,6.86,7.26,6.8,7.07,6.106546,15795200
2009-05-01,7.09,7.75,7.02,7.73,6.676606,10006800
2009-05-04,7.68,8.24,7.68,8.11,7.004821000000001,15039400
2009-05-05,8.02,8.24,8.01,8.22,7.099831,6910400
2009-05-06,8.29,8.5,8.19,8.23,7.108466,6554400
2009-05-07,8.33,8.54,8.05,8.14,7.030735000000001,8234700
2009-05-08,8.39,9.72,8.27,9.62,8.309047999999999,19658900
2009-05-11,9.48,9.5,9.01,9.02,7.790814999999999,9216300
2009-05-12,9.04,9.1,8.77,8.99,7.764902,5116700
2009-05-13,8.84,8.91,8.34,8.37,7.229391000000001,7030600
2009-05-14,8.37,9.2,8.35,9.15,7.903097,11755100
2009-05-15,9.04,9.17,8.43,8.55,7.384861,8035700
2009-05-18,8.67,9.07,8.66,9.02,7.790814999999999,9292700
2009-05-19,9.11,9.62,9.01,9.55,8.248586,9497300
2009-05-20,9.46,9.75,8.81,8.86,7.652617,13249500
2009-05-21,8.73,8.97,8.54,8.68,7.497146000000001,5851100
2009-05-22,8.59,8.9,8.51,8.62,7.445321000000001,6998100
2009-05-26,8.67,9.02,8.53,8.99,7.764902,7677400
2009-05-27,9.01,9.25,8.84,8.87,7.661252,13844400
2009-05-28,8.99,9.59,8.91,9.51,8.214038,10365100
2009-05-29,9.57,10.01,9.36,9.99,8.628627999999999,11786800
2009-06-01,10.19,10.74,10.16,10.68,9.224599000000001,11332200
2009-06-02,10.66,10.73,10.45,10.52,9.086400999999999,7394400
2009-06-03,10.4,10.49,9.9,10.03,8.663177000000001,7340700
2009-06-04,10.12,10.56,10.06,10.43,9.008668,8523700
2009-06-05,10.7,10.72,10.26,10.31,8.90502,7095100
2009-06-08,10.33,10.34,10.1,10.24,8.844560000000001,5302400
2009-06-09,10.3,10.42,9.94,10.07,8.697725,6728900
2009-06-10,10.18,10.32,9.9,10.12,8.740910000000001,6925000
2009-06-11,10.17,10.71,10.16,10.42,9.000028,7226000
2009-06-12,10.36,10.79,10.21,10.69,9.233236999999999,7467700
2009-06-15,10.66,10.66,9.88,10.08,8.706363,7724700
2009-06-16,10.14,10.37,9.86,9.98,8.619989,5757400
2009-06-17,9.97,10.05,9.64,9.69,8.36951,6401800
2009-06-18,9.68,9.93,9.55,9.61,8.300408000000001,7570200
2009-06-19,9.7,10.05,9.69,9.75,8.421332000000001,6831800
2009-06-22,9.6,9.7,9.03,9.16,7.911736,8381500
2009-06-23,9.14,9.67,9.14,9.63,8.317685,9504500
2009-06-24,10.14,10.65,10.1,10.58,9.138225,20811300
2009-06-25,10.54,11.16,10.37,11.12,9.604638000000001,13536000
2009-06-26,11.04,11.06,10.61,10.87,9.388703,9040900
2009-06-29,10.95,11.48,10.8,11.46,9.898304,9186500
2009-06-30,11.44,11.64,10.98,11.61,10.027864,13424900
2009-07-01,11.66,11.88,11.66,11.76,10.157422,10775700
2009-07-02,11.6,11.67,11.29,11.29,9.751472,10417200
2009-07-06,11.21,11.36,10.93,11.12,9.604638000000001,11746300
2009-07-07,11.12,11.3,10.86,10.9,9.414617,11618100
2009-07-08,10.95,11.26,10.67,11.01,9.509627,13049700
2009-07-09,11.06,11.3,10.8,11.16,9.639187,5294700
2009-07-10,11.04,11.21,10.84,11.18,9.656462,5462700
2009-07-13,11.19,11.49,10.87,11.46,9.898304,6540800
2009-07-14,11.46,11.72,11.3,11.59,10.010587,9162600
2009-07-15,11.69,12.15,11.63,12.11,10.459725,9448800
2009-07-16,12.01,12.16,11.69,12.09,10.442452000000001,5473000
2009-07-17,12.06,12.21,11.82,11.93,10.304258,4734400
2009-07-20,12.07,12.35,11.98,12.31,10.632472,7823200
2009-07-21,12.42,12.49,12.06,12.25,10.580648,8858200
2009-07-22,12.15,12.28,11.98,12.05,10.407903999999998,6672000
2009-07-23,11.97,12.63,11.88,12.51,10.805216,7936900
2009-07-24,12.51,13.24,12.42,13.06,11.280266000000001,9957100
2009-07-27,12.76,13.03,12.56,12.98,11.211166,7313400
2009-07-28,12.84,13.01,12.31,12.47,10.770667999999999,6727300
2009-07-29,12.39,12.46,12.06,12.21,10.546097999999999,5502400
2009-07-30,12.36,12.96,12.36,12.84,11.090247,5916100
2009-07-31,12.76,12.95,12.65,12.79,11.047061,4436900
2009-08-03,13.03,13.22,12.82,13.2,11.401188000000001,6366600
2009-08-04,13.12,13.39,13.0,13.14,11.349364999999999,6852400
2009-08-05,13.18,13.28,12.93,13.09,11.306179,4287600
2009-08-06,13.07,13.24,12.84,13.14,11.349364999999999,6504600
2009-08-07,13.96,14.19,13.43,13.88,11.988522999999999,11750400
2009-08-10,13.83,14.1,13.52,13.98,12.074899,11061600
2009-08-11,13.84,13.91,13.41,13.43,11.599846000000001,7822600
2009-08-12,13.34,14.01,13.34,13.88,11.988522999999999,6899900
2009-08-13,13.98,14.05,13.67,13.92,12.023073,6979800
2009-08-14,13.88,14.03,13.59,13.79,11.910789,4288700
2009-08-17,13.43,13.5,13.25,13.42,11.591209,6332000
2009-08-18,13.47,13.73,13.36,13.71,11.84169,4699300
2009-08-19,13.58,13.79,13.44,13.72,11.850325999999999,7368900
2009-08-20,13.75,13.96,13.7,13.93,12.031709,3993200
2009-08-21,14.04,14.32,13.91,14.26,12.316738,5535100
2009-08-24,14.35,14.55,14.27,14.42,12.454935,7951300
2009-08-25,14.46,14.63,13.99,14.01,12.100806,6946900
2009-08-26,14.0,14.27,13.77,14.23,12.290826,7074900
2009-08-27,14.22,14.3,13.78,13.91,12.014435,5293800
2009-08-28,14.02,14.06,13.7,13.92,12.023073,5537600
2009-08-31,13.82,13.86,13.57,13.67,11.807139999999999,4466900
2009-09-01,13.64,13.95,13.24,13.25,11.444375,6257400
2009-09-02,13.13,13.3,12.79,13.19,11.39255,7777200
2009-09-03,13.3,13.35,13.06,13.28,11.470284,3990000
2009-09-04,13.31,13.5,13.23,13.5,11.660307000000001,3802000
2009-09-08,13.64,13.86,13.51,13.79,11.910789,4946400
2009-09-09,13.84,14.1,13.66,14.1,12.178543,4936400
2009-09-10,14.05,14.17,13.81,14.14,12.213092,4134200
2009-09-11,14.12,14.24,13.95,14.15,12.221729,4191800
2009-09-14,14.3,14.88,14.19,14.79,12.774514,11398600
2009-09-15,14.88,14.9,14.49,14.72,12.714053999999999,7069500
2009-09-16,14.76,15.11,14.55,14.99,12.947258999999999,8106600
2009-09-17,15.01,15.09,14.32,14.35,12.394476,5895300
2009-09-18,14.49,14.67,14.16,14.39,12.429025,6844700
2009-09-21,14.38,14.66,13.95,14.63,12.63632,8243800
2009-09-22,14.73,15.19,14.58,15.18,13.111367000000001,9489200
2009-09-23,15.07,15.34,14.9,14.92,12.886797999999999,7580600
2009-09-24,14.95,15.11,14.43,14.6,12.610406,6930300
2009-09-25,14.51,14.59,14.25,14.32,12.368563,4574100
2009-09-28,14.34,15.0,14.34,14.9,12.869525999999999,3734400
2009-09-29,14.97,15.32,14.86,15.24,13.163191000000001,6611900
2009-09-30,15.37,15.37,14.66,14.82,12.800425,8354800
2009-10-01,14.77,14.83,13.83,13.83,11.945337,8785300
2009-10-02,13.69,13.94,13.41,13.78,11.90215,6396300
2009-10-05,13.87,14.71,13.8,14.7,12.696778,7169000
2009-10-06,14.87,14.94,14.5,14.78,12.765878,7383400
2009-10-07,14.76,14.89,14.6,14.83,12.809061999999999,5640700
2009-10-08,14.89,15.0,14.73,14.83,12.809061999999999,6799600
2009-10-09,14.83,14.97,14.78,14.81,12.791789,4118600
2009-10-12,14.86,14.97,14.76,14.85,12.826339,3292200
2009-10-13,14.87,14.89,14.59,14.78,12.765878,3963500
2009-10-14,14.9,15.03,14.7,15.0,12.955896000000001,5683000
2009-10-15,15.02,15.05,14.72,14.97,12.929985,4403700
2009-10-16,14.8,14.95,14.53,14.78,12.765878,6021500
2009-10-19,14.85,15.19,14.65,15.16,13.094091,4193600
2009-10-20,15.14,15.2,14.83,14.83,12.809061999999999,6375200
2009-10-21,14.9,15.44,14.79,15.11,13.050904,5471000
2009-10-22,15.13,15.17,14.75,14.96,12.921349000000001,5905900
2009-10-23,15.0,15.02,14.13,14.22,12.282191000000001,6748100
2009-10-26,14.36,14.64,13.76,13.83,11.945337,6555300
2009-10-27,13.81,13.98,13.38,13.74,11.867600999999999,9310200
2009-10-28,13.7,13.72,12.78,12.81,11.064336,11483400
2009-10-29,12.98,13.55,12.95,13.54,11.694856,8741700
2009-10-30,13.49,13.57,12.95,13.07,11.288905,11762300
2009-11-02,13.06,13.61,12.95,13.21,11.409825,7753400
2009-11-03,13.13,13.39,13.1,13.31,11.496199,5404200
2009-11-04,13.41,13.78,13.24,13.3,11.487561999999999,6964400
2009-11-05,13.43,13.87,13.43,13.86,11.971247,4279300
2009-11-06,13.74,14.46,13.63,14.03,12.118083,12662300
2009-11-09,13.98,14.12,13.62,13.92,12.023073,18973300
2009-11-10,13.79,13.96,13.7,13.81,11.928063,13062600
2009-11-11,13.97,13.98,13.5,13.59,11.738043,14172600
2009-11-12,13.5,13.66,13.03,13.06,11.280266000000001,9127400
2009-11-13,13.07,13.49,13.07,13.39,11.565298,6412400
2009-11-16,13.56,13.76,13.38,13.66,11.798504,6124800
2009-11-17,13.63,13.65,13.21,13.3,11.487561999999999,5920500
2009-11-18,13.25,13.47,13.23,13.29,11.478925,4713800
2009-11-19,13.23,13.24,12.78,12.85,11.098886,8682900
2009-11-20,12.79,12.85,12.56,12.65,10.926142,10599200
2009-11-23,12.84,12.92,12.73,12.84,11.090247,8673400
2009-11-24,12.81,12.9,12.59,12.65,10.926142,6118800
2009-11-25,12.69,13.23,12.61,13.2,11.401188000000001,6108200
2009-11-27,12.67,12.99,12.56,12.78,11.038423,3822300
2009-11-30,12.82,12.91,12.62,12.74,11.003874,6611200
2009-12-01,12.83,13.18,12.83,13.14,11.349364999999999,6708000
2009-12-02,13.16,13.35,13.0,13.06,11.280266000000001,6082100
2009-12-03,13.07,13.2,12.92,13.0,11.228442,4674000
2009-12-04,13.21,13.38,12.96,13.36,11.539385000000001,12726400
2009-12-07,13.38,13.49,13.25,13.29,11.478925,4851800
2009-12-08,13.16,13.19,12.81,12.87,11.116157000000001,5298300
2009-12-09,12.9,12.94,12.56,12.73,10.995237,5799600
2009-12-10,12.58,12.84,12.5,12.74,11.003874,7470000
2009-12-11,12.71,13.08,12.59,13.08,11.29754,5113000
2009-12-14,13.22,13.49,13.06,13.46,11.625760000000001,5635200
2009-12-15,13.32,13.82,13.23,13.67,11.807139999999999,10625200
2009-12-16,13.79,14.04,13.61,14.0,12.09217,7268100
2009-12-17,13.82,14.0,13.59,13.77,11.893516,5412400
2009-12-18,13.9,14.13,13.73,13.76,11.884875,6330500
2009-12-21,13.82,14.0,13.76,13.84,11.953973,3496500
2009-12-22,13.86,13.92,13.54,13.66,11.798504,4473800
2009-12-23,13.7,13.93,13.62,13.9,12.005799,3908900
2009-12-24,13.88,13.98,13.8,13.89,11.997161,1523900
2009-12-28,13.9,13.97,13.8,13.94,12.040346000000001,2762300
2009-12-29,13.92,13.95,13.67,13.68,11.815779,3744600
2009-12-30,13.66,13.67,13.5,13.67,11.807139999999999,2500000
2009-12-31,13.66,13.72,13.31,13.31,11.496199,3479800
2010-01-04,13.38,13.7,13.38,13.67,11.807139999999999,4597600
2010-01-05,13.67,13.84,13.5,13.53,11.686217,5093200
2010-01-06,13.45,13.74,13.38,13.39,11.565298,7507300
2010-01-07,13.37,13.58,13.15,13.4,11.573935,16843500
2010-01-08,13.39,13.82,13.35,13.78,11.90215,5647500
2010-01-11,13.77,14.01,13.76,13.87,11.979886,8616600
2010-01-12,13.8,13.87,13.67,13.71,11.84169,5703200
2010-01-13,13.74,14.14,13.71,14.08,12.161267,5488500
2010-01-14,14.02,14.24,14.0,14.09,12.169907,4320900
2010-01-15,14.02,14.22,13.8,14.04,12.126719,5588400
2010-01-19,14.03,14.22,13.87,14.13,12.204456,4699300
2010-01-20,14.0,14.0,13.56,13.71,11.84169,6220700
2010-01-21,13.73,13.9,13.28,13.37,11.548021,6068000
2010-01-22,13.39,13.47,13.0,13.02,11.245718,6531300
2010-01-25,13.19,13.48,13.09,13.41,11.582572,6202100
2010-01-26,13.31,13.31,13.03,13.07,11.288905,4829400
2010-01-27,13.07,13.08,12.5,12.88,11.124796,11971700
2010-01-28,12.89,12.99,12.47,12.68,10.95205,8794600
2010-01-29,12.79,12.83,12.54,12.63,10.908866,13698800
2010-02-01,12.66,12.91,12.48,12.89,11.133433,5797700
2010-02-02,12.88,13.15,12.76,13.12,11.332089,4175300
2010-02-03,12.99,13.18,12.85,12.9,11.142069000000001,3366700
2010-02-04,12.77,12.83,11.82,11.84,10.226521,16486600
2010-02-05,11.82,11.95,11.46,11.73,10.131511,9749800
2010-02-08,11.8,11.99,11.66,11.75,10.148786,5248400
2010-02-09,11.94,12.33,11.9,12.13,10.477002,9419700
2010-02-10,12.15,12.15,11.8,11.94,10.312896,8151700
2010-02-11,11.9,11.98,11.74,11.95,10.321531,8128500
2010-02-12,11.79,11.8,11.62,11.77,10.166058999999999,10828700
2010-02-16,11.91,11.94,11.69,11.85,10.235159,18712000
2010-02-17,11.93,12.04,11.78,12.03,10.390628,11136400
2010-02-18,11.98,12.12,11.94,12.03,10.390628,7280800
2010-02-19,11.95,12.18,11.85,12.18,10.520188000000001,6705500
2010-02-22,12.29,12.29,11.94,12.0,10.364717,4871600
2010-02-23,11.96,12.03,11.75,11.77,10.166058999999999,5440300
2010-02-24,11.82,11.86,11.6,11.8,10.19197,6354300
2010-02-25,11.62,11.76,11.51,11.7,10.105597999999999,6364800
2010-02-26,11.77,11.95,11.55,11.69,10.096961,7000100
2010-03-01,11.74,11.74,11.08,11.17,9.647822,16674600
2010-03-02,11.18,11.64,11.18,11.24,9.708283999999999,13684800
2010-03-03,11.41,11.63,11.28,11.52,9.95013,8599500
2010-03-04,11.46,11.55,11.25,11.32,9.777383,6509100
2010-03-05,11.4,11.65,11.36,11.58,10.00195,6780000
2010-03-08,11.59,11.7,11.46,11.49,9.924216,8339500
2010-03-09,11.41,11.48,11.33,11.4,9.846480999999999,7163700
2010-03-10,11.44,11.44,11.16,11.26,9.725558,12657900
2010-03-11,11.24,11.64,11.24,11.6,10.019228,9167800
2010-03-12,11.69,11.71,11.54,11.66,10.071050999999999,5814100
2010-03-15,11.66,11.66,11.43,11.57,9.993314,8602400
2010-03-16,11.8,11.88,11.61,11.88,10.261069,5306200
2010-03-17,11.94,12.0,11.71,11.76,10.157422,8994000
2010-03-18,11.75,11.83,11.51,11.56,9.984677,5940400
2010-03-19,11.46,11.81,11.4,11.46,9.898304,9708900
2010-03-22,11.41,11.42,11.18,11.27,9.734196,13088000
2010-03-23,11.25,11.36,11.11,11.23,9.699645,8879000
2010-03-24,11.17,11.21,11.01,11.02,9.518267,11099100
2010-03-25,11.04,11.15,10.73,10.76,9.293695,15058400
2010-03-26,10.87,10.97,10.77,10.86,9.380067,8682500
2010-03-29,10.91,11.26,10.91,11.24,9.708283999999999,8027400
2010-03-30,11.22,11.23,11.0,11.07,9.561451,6992400
2010-03-31,10.96,11.12,10.83,11.0,9.500991,9039400
2010-04-01,11.07,11.36,11.06,11.3,9.760109,7927400
2010-04-05,11.37,11.63,11.27,11.6,10.019228,11366000
2010-04-06,11.53,11.86,11.48,11.81,10.200607000000002,8670800
2010-04-07,11.78,11.82,11.36,11.4,9.846480999999999,7835700
2010-04-08,11.33,11.38,11.23,11.28,9.742834,7767700
2010-04-09,11.31,11.39,11.2,11.28,9.742834,7910400
2010-04-12,11.36,11.46,11.25,11.28,9.742834,5488400
2010-04-13,11.28,11.3,11.09,11.26,9.725558,6883700
2010-04-14,11.3,11.68,11.25,11.63,10.04514,9120200
2010-04-15,11.63,11.92,11.56,11.77,10.166058999999999,7787900
2010-04-16,11.75,11.82,11.47,11.56,9.984677,19693700
2010-04-19,11.48,11.64,11.48,11.56,9.984677,8793500
2010-04-20,11.61,11.96,11.6,11.94,10.312896,8423300
2010-04-21,11.89,12.28,11.89,12.27,10.597923,9541200
2010-04-22,12.17,12.39,11.94,12.34,10.658382000000001,10427500
2010-04-23,12.36,12.46,12.19,12.37,10.684295,8605300
2010-04-26,12.38,12.38,12.12,12.15,10.494274,11074900
2010-04-27,12.12,12.12,11.64,11.65,10.062413000000001,14631900
2010-04-28,11.76,11.92,11.55,11.68,10.088324,7572500
2010-04-29,11.74,11.91,11.64,11.7,10.105597999999999,5705600
2010-04-30,11.8,11.9,11.54,11.54,9.967403,6231400
2010-05-03,11.64,12.1,11.53,12.06,10.416541,9668400
2010-05-04,11.84,11.88,11.53,11.61,10.027864,9795900
2010-05-05,11.31,11.52,11.05,11.09,9.578725,9716700
2010-05-06,11.02,11.13,9.99,10.71,9.250509,15479200
2010-05-07,10.56,10.63,9.74,9.89,8.542256,21615000
2010-05-10,10.48,11.18,10.44,10.65,9.198688,12474900
2010-05-11,10.56,10.99,10.38,10.79,9.319609,10012500
2010-05-12,10.96,11.12,10.89,11.11,9.596,8417500
2010-05-13,11.05,11.12,10.85,10.9,9.414617,4872900
2010-05-14,10.9,10.9,10.52,10.66,9.207322999999999,6201700
2010-05-17,10.69,10.74,10.15,10.36,8.948203999999999,11305100
2010-05-18,10.4,10.44,9.9,10.0,8.637264,11212900
2010-05-19,9.92,10.03,9.67,9.82,8.481796000000001,11239000
2010-05-20,9.47,9.54,9.18,9.22,7.963556,15322700
2010-05-21,9.07,9.63,9.01,9.62,8.309047999999999,16178900
2010-05-24,9.58,9.62,9.32,9.35,8.075845,7644000
2010-05-25,9.08,9.64,8.94,9.63,8.317685,12754200
2010-05-26,9.8,10.08,9.72,9.92,8.568164999999999,14321800
2010-05-27,10.08,10.26,9.57,10.23,8.835921,7576300
2010-05-28,10.25,10.48,10.17,10.27,8.870471,6248800
2010-06-01,10.08,10.13,9.46,9.47,8.179489,13109100
2010-06-02,9.62,9.85,9.51,9.85,8.507705999999999,10818700
2010-06-03,9.82,10.04,9.68,9.99,8.628627999999999,8443400
2010-06-04,9.69,10.0,9.55,9.6,8.291772,9550900
2010-06-07,9.61,9.92,9.59,9.61,8.300408000000001,8153400
2010-06-08,9.65,9.78,9.46,9.7,8.378144,7460400
2010-06-09,9.78,10.14,9.76,9.8,8.464521000000001,9222400
2010-06-10,10.05,10.44,10.04,10.36,8.948203999999999,10847200
2010-06-11,10.21,10.41,10.2,10.38,8.96548,6375900
2010-06-14,10.49,10.64,10.36,10.38,8.96548,6985600
2010-06-15,10.51,10.78,10.43,10.75,9.285059,6026200
2010-06-16,10.54,10.75,10.49,10.65,9.198688,5949800
2010-06-17,10.76,10.76,10.38,10.6,9.1555,6574600
2010-06-18,10.57,10.61,10.46,10.51,9.077764,9506500
2010-06-21,10.67,10.82,10.42,10.54,9.103677000000001,6078400
2010-06-22,10.55,10.59,10.14,10.17,8.784098,7157500
2010-06-23,10.17,10.2,9.91,10.02,8.654537,5447400
2010-06-24,9.98,10.06,9.66,9.68,8.360874,9017100
2010-06-25,9.75,9.97,9.65,9.86,8.516341,16158400
2010-06-28,9.97,9.97,9.72,9.77,8.438609,4400100
2010-06-29,9.63,9.66,9.22,9.25,7.989468,8416200
2010-06-30,9.24,9.49,9.15,9.24,7.980834,9740700
2010-07-01,9.2,9.23,8.99,9.09,7.851273,8170600
2010-07-02,9.17,9.35,9.04,9.12,7.877182,4869900
2010-07-06,9.26,9.39,8.82,8.9,7.687163000000001,8637100
2010-07-07,9.0,9.92,8.95,9.86,8.516341,17659400
2010-07-08,10.06,10.06,9.65,9.79,8.455882,8103800
2010-07-09,9.67,10.27,9.67,10.23,8.835921,12917700
2010-07-12,10.17,10.28,10.07,10.25,8.853195,6444500
2010-07-13,10.41,10.46,10.16,10.23,8.835921,4839100
2010-07-14,10.16,10.39,10.1,10.21,8.818647,5886900
2010-07-15,10.17,10.23,10.0,10.2,8.810008,5184700
2010-07-16,10.11,10.14,9.91,9.98,8.619989,7567800
2010-07-19,10.08,10.14,9.97,10.07,8.697725,3161100
2010-07-20,9.9,10.3,9.89,10.25,8.853195,4050500
2010-07-21,10.28,10.33,9.96,10.03,8.663177000000001,4990300
2010-07-22,10.16,10.43,10.11,10.39,8.974119,5488100
2010-07-23,10.39,10.49,10.26,10.46,9.034578,5933900
2010-07-26,10.43,10.5,10.36,10.47,9.043216000000001,4165100
2010-07-27,10.54,10.71,10.43,10.71,9.250509,6921900
2010-07-28,10.63,10.69,10.49,10.55,9.112313,3270600
2010-07-29,10.66,10.68,10.27,10.34,8.930931,4291500
2010-07-30,10.22,10.37,10.12,10.31,8.90502,4133400
2010-08-02,10.46,10.79,10.46,10.76,9.293695,5462900
2010-08-03,10.69,10.75,10.42,10.45,9.025941,5012400
2010-08-04,10.44,10.6,10.33,10.54,9.103677000000001,3318000
2010-08-05,10.45,10.74,10.42,10.67,9.215961,4052200
2010-08-06,10.56,10.71,10.03,10.65,9.198688,7938200
2010-08-09,10.7,11.14,10.66,11.07,9.561451,9045600
2010-08-10,10.93,11.4,10.91,11.16,9.639187,9361500
2010-08-11,10.96,11.01,10.6,10.61,9.164137,5679800
2010-08-12,10.48,10.75,10.3,10.59,9.146863,4506800
2010-08-13,10.52,10.95,10.51,10.62,9.172774,4378100
2010-08-16,10.54,10.77,10.33,10.66,9.207322999999999,4505900
2010-08-17,10.77,11.04,10.63,10.93,9.440529,4741200
2010-08-18,10.9,11.05,10.82,10.9,9.414617,4265800
2010-08-19,10.85,10.85,10.56,10.58,9.138225,4523900
2010-08-20,10.5,10.54,10.37,10.4,8.982753,5073600
2010-08-23,10.47,10.63,10.42,10.46,9.034578,3269500
2010-08-24,10.31,10.46,10.21,10.27,8.870471,6723400
2010-08-25,10.26,10.49,10.13,10.43,9.008668,7568200
2010-08-26,10.52,10.62,10.35,10.4,8.982753,7604100
2010-08-27,10.51,10.63,10.29,10.6,9.1555,4382500
2010-08-30,10.57,10.63,10.39,10.4,8.982753,2539900
2010-08-31,10.35,10.49,10.21,10.24,8.844560000000001,6239500
2010-09-01,10.36,10.68,10.29,10.66,9.207322999999999,5449500
2010-09-02,10.7,10.93,10.56,10.93,9.440529,3722600
2010-09-03,10.95,11.15,10.91,11.14,9.621913000000001,3586800
2010-09-07,11.02,11.05,10.85,11.0,9.500991,2900000
2010-09-08,11.06,11.24,10.97,11.02,9.518267,3858400
2010-09-09,11.15,11.19,10.96,11.11,9.596,2883500
2010-09-10,11.08,11.12,11.0,11.05,9.544175,2354400
2010-09-13,11.17,11.21,11.07,11.16,9.639187,4350400
2010-09-14,11.1,11.29,11.02,11.19,9.665099,3480600
2010-09-15,11.15,11.16,10.88,10.98,9.483717,4611000
2010-09-16,10.88,10.97,10.77,10.9,9.414617,1989300
2010-09-17,11.01,11.04,10.78,10.88,9.397343,4327700
2010-09-20,10.88,11.41,10.88,11.38,9.829206,5320900
2010-09-21,11.36,11.54,11.21,11.38,9.829206,6998200
2010-09-22,11.31,11.44,11.14,11.25,9.716923,4167900
2010-09-23,11.12,11.17,11.02,11.09,9.578725,3272600
2010-09-24,11.24,11.36,11.16,11.35,9.803294000000001,3086000
2010-09-27,11.35,11.5,11.33,11.39,9.837844,4021700
2010-09-28,11.44,11.5,11.25,11.48,9.915579,5047100
2010-09-29,11.37,11.5,11.21,11.39,9.837844,5841500
2010-09-30,11.47,11.57,11.21,11.35,9.803294000000001,4932400
2010-10-01,11.44,11.57,11.38,11.54,9.967403,3966600
2010-10-04,11.5,11.6,11.3,11.37,9.820569,2770400
2010-10-05,11.55,11.73,11.51,11.68,10.088324,3050800
2010-10-06,11.63,11.77,11.58,11.75,10.148786,3722600
2010-10-07,11.8,11.83,11.69,11.8,10.19197,3926000
2010-10-08,11.84,12.04,11.77,11.97,10.338806,3579700
2010-10-11,12.04,12.41,12.0,12.22,10.554737,6411600
2010-10-12,12.24,12.34,12.12,12.3,10.623835,5162100
2010-10-13,12.38,12.54,12.31,12.52,10.813854,5852100
2010-10-14,12.49,12.54,12.25,12.28,10.60656,5117400
2010-10-15,12.45,12.49,12.21,12.32,10.641109,4647200
2010-10-18,12.34,12.52,12.28,12.46,10.762031,4602800
2010-10-19,12.25,12.38,12.1,12.18,10.520188000000001,5499400
2010-10-20,12.2,12.37,12.17,12.25,10.580648,5910500
2010-10-21,12.3,12.41,12.05,12.18,10.520188000000001,6679500
2010-10-22,12.21,12.36,12.18,12.31,10.632472,3706800
2010-10-25,12.46,12.49,12.25,12.32,10.641109,4112800
2010-10-26,12.24,12.25,12.04,12.11,10.459725,4616500
2010-10-27,11.95,11.98,11.66,11.87,10.252431,5976600
2010-10-28,11.98,12.08,11.89,11.96,10.330167,2816200
2010-10-29,11.94,12.11,11.9,11.94,10.312896,4196000
2010-11-01,12.06,12.14,11.73,11.83,10.217883,4552300
2010-11-02,12.0,12.02,11.89,11.96,10.330167,4873500
2010-11-03,11.96,12.03,11.7,11.9,10.278343,3646500
2010-11-04,11.96,12.11,11.87,11.95,10.321531,7175900
2010-11-05,11.93,11.97,11.71,11.76,10.157422,4493200
2010-11-08,11.75,11.79,11.61,11.76,10.157422,6024900
2010-11-09,11.77,11.87,11.62,11.68,10.088324,6237000
2010-11-10,11.63,11.71,11.51,11.7,10.105597999999999,4841600
2010-11-11,11.59,11.73,11.52,11.7,10.105597999999999,3801500
2010-11-12,11.63,11.66,11.42,11.46,9.898304,4713300
2010-11-15,11.52,11.7,11.52,11.56,9.984677,5054400
2010-11-16,11.5,11.54,11.22,11.47,9.906939999999999,8100200
2010-11-17,11.42,11.63,11.35,11.51,9.94149,5744800
2010-11-18,11.61,11.64,11.46,11.47,9.906939999999999,6577500
2010-11-19,11.44,11.46,11.19,11.25,9.716923,6759900
2010-11-22,11.21,11.33,11.01,11.27,9.734196,5404300
2010-11-23,11.11,11.13,10.87,10.89,9.405978999999999,6218300
2010-11-24,10.94,11.07,10.79,10.9,9.414617,8759500
2010-11-26,10.85,11.1,10.81,10.93,9.440529,3612200
2010-11-29,10.83,10.91,10.7,10.86,9.380067,5658400
2010-11-30,10.72,10.85,10.7,10.81,9.336885,5082400
2010-12-01,10.95,11.0,10.87,10.92,9.431891,5010400
2010-12-02,10.95,11.3,10.91,11.27,9.734196,9026500
2010-12-03,11.16,11.43,11.16,11.4,9.846480999999999,6374600
2010-12-06,11.36,11.57,11.28,11.49,9.924216,6901900
2010-12-07,11.62,11.7,11.4,11.43,9.872394,6437900
2010-12-08,11.46,11.54,11.27,11.35,9.803294000000001,2912800
2010-12-09,11.44,11.52,11.33,11.35,9.803294000000001,3719800
2010-12-10,11.35,11.45,11.31,11.39,9.837844,2152000
2010-12-13,11.46,11.46,11.35,11.39,9.837844,2364400
2010-12-14,11.4,11.46,11.24,11.31,9.768745,3297800
2010-12-15,11.25,11.38,11.15,11.19,9.665099,3390200
2010-12-16,11.19,11.32,11.09,11.31,9.768745,2722200
2010-12-17,11.32,11.48,11.28,11.44,9.881029,8934800
2010-12-20,11.53,11.76,11.52,11.76,10.157422,5309100
2010-12-21,11.76,12.28,11.75,12.12,10.468366,13015300
2010-12-22,12.08,12.46,12.05,12.36,10.675658,8952400
2010-12-23,12.35,12.41,12.23,12.23,10.563374000000001,8260700
2010-12-27,12.15,12.21,12.1,12.17,10.51155,2415500
2010-12-28,12.18,12.2,12.04,12.09,10.442452000000001,2481000
2010-12-29,12.12,12.17,12.09,12.15,10.494274,1818000
2010-12-30,12.12,12.27,12.1,12.2,10.537463,2636800
2010-12-31,12.16,12.27,12.15,12.18,10.520188000000001,2171400
2011-01-03,12.34,12.68,12.23,12.54,10.831128999999999,10313500
2011-01-04,12.52,12.6,12.39,12.6,10.882955,5636100
2011-01-05,12.51,12.85,12.46,12.77,11.029788,9064600
2011-01-06,12.74,13.0,12.63,12.99,11.219809,13255400
2011-01-07,12.99,13.17,12.81,12.99,11.219809,10993300
2011-01-10,12.9,13.0,12.81,12.97,11.202532000000001,4636800
2011-01-11,13.03,13.26,12.93,13.14,11.349364999999999,8020900
2011-01-12,13.22,13.27,12.86,12.94,11.176621,8323300
2011-01-13,12.94,13.08,12.84,12.93,11.167982,2484800
2011-01-14,12.9,13.09,12.87,12.99,11.219809,3217600
2011-01-18,12.95,13.1,12.9,12.95,11.185257,3881200
2011-01-19,12.91,13.0,12.58,12.75,11.01251,4876200
2011-01-20,12.75,13.05,12.71,12.92,11.159345,6327200
2011-01-21,13.1,13.1,12.82,12.86,11.107521,4633500
2011-01-24,12.92,12.98,12.83,12.94,11.176621,8125000
2011-01-25,12.9,12.98,12.8,12.83,11.081611,4946200
2011-01-26,12.76,12.86,12.6,12.63,10.908866,6345800
2011-01-27,12.6,12.86,12.56,12.65,10.926142,6544200
2011-01-28,12.65,12.76,12.33,12.37,10.684295,6497200
2011-01-31,12.44,12.52,12.19,12.4,10.710206,7283800
2011-02-01,12.49,12.78,12.39,12.66,10.934777,7967900
2011-02-02,12.56,12.71,12.44,12.56,10.848403,3680300
2011-02-03,12.5,12.57,12.3,12.56,10.848403,5999000
2011-02-04,12.55,12.57,12.29,12.42,10.727482,3997700
2011-02-07,12.43,12.57,12.37,12.55,10.839767,2638400
2011-02-08,12.55,12.61,12.47,12.51,10.805216,4221300
2011-02-09,12.34,12.43,12.26,12.35,10.667023,3333500
2011-02-10,12.28,12.6,12.28,12.49,10.787944,5538700
2011-02-11,12.38,12.5,12.19,12.45,10.753394,5104900
2011-02-14,12.47,12.58,12.46,12.54,10.831128999999999,4059700
2011-02-15,12.51,12.57,12.44,12.53,10.822492,3080000
2011-02-16,12.57,12.57,12.32,12.53,10.822492,3751800
2011-02-17,12.47,12.88,12.46,12.84,11.090247,4178400
2011-02-18,12.86,12.92,12.79,12.88,11.124796,3105600
2011-02-22,12.71,12.72,12.32,12.34,10.658382000000001,4990500
2011-02-23,12.36,12.43,12.22,12.25,10.580648,3983700
2011-02-24,12.23,12.28,11.99,12.07,10.425178,4778800
2011-02-25,12.17,12.39,12.1,12.26,10.589286,3832100
2011-02-28,12.3,12.6,12.24,12.37,10.684295,5660300
2011-03-01,12.41,13.01,12.41,12.73,10.995237,8236200
2011-03-02,12.73,12.9,12.65,12.81,11.064336,4584800
2011-03-03,12.95,13.13,12.91,13.11,11.323452,5489600
2011-03-04,13.12,13.19,13.01,13.09,11.306179,5255600
2011-03-07,13.13,13.2,12.87,12.97,11.202532000000001,5035900
2011-03-08,12.98,13.25,12.98,13.25,11.444375,4902100
2011-03-09,13.18,13.4,12.91,13.38,11.55666,4423000
2011-03-10,13.2,13.29,12.97,13.11,11.323452,4494500
2011-03-11,13.14,13.24,13.05,13.1,11.314816,4166100
2011-03-14,12.97,12.97,12.51,12.74,11.003874,9703300
2011-03-15,12.39,12.66,12.25,12.57,10.857039,6114600
2011-03-16,12.5,12.54,12.09,12.21,10.546097999999999,7782400
2011-03-17,12.5,12.77,12.38,12.75,11.01251,7367900
2011-03-18,12.88,12.97,12.3,12.31,10.632472,7875900
2011-03-21,12.56,12.72,12.47,12.62,10.900228,5351600
2011-03-22,12.66,12.71,12.37,12.47,10.770667999999999,4235300
2011-03-23,12.43,12.53,12.31,12.46,10.762031,5071100
2011-03-24,12.5,12.71,12.4,12.57,10.857039,3445400
2011-03-25,12.59,12.75,12.43,12.71,10.977961,3968100
2011-03-28,12.75,12.88,12.59,12.59,10.874316,2907800
2011-03-29,12.67,12.84,12.58,12.84,11.090247,3122900
2011-03-30,12.91,13.15,12.9,13.07,11.288905,6080500
2011-03-31,13.01,13.06,12.89,13.0,11.228442,4404800
2011-04-01,13.06,13.15,12.95,13.09,11.306179,3579400
2011-04-04,13.12,13.22,12.95,13.01,11.237081,3723800
2011-04-05,12.95,13.04,12.9,12.91,11.150706,2656900
2011-04-06,12.9,13.33,12.9,13.23,11.4271,7073500
2011-04-07,13.18,13.24,13.08,13.22,11.418463000000001,3534600
2011-04-08,13.34,13.5,13.2,13.26,11.453012,4917200
2011-04-11,13.3,13.3,12.82,12.88,11.124796,4191100
2011-04-12,12.8,12.85,12.57,12.64,10.917504,4088500
2011-04-13,12.68,12.83,12.67,12.75,11.01251,3374400
2011-04-14,12.66,12.84,12.52,12.78,11.038423,5279300
2011-04-15,12.78,12.84,12.69,12.83,11.081611,5609300
2011-04-18,12.64,12.67,12.42,12.53,10.822492,6708800
2011-04-19,12.54,12.66,12.45,12.47,10.770667999999999,6531700
2011-04-20,12.9,13.27,12.78,12.88,11.124796,12797800
2011-04-21,12.94,13.08,12.87,13.01,11.237081,6972500
2011-04-25,12.98,12.98,12.85,12.89,11.133433,4439600
2011-04-26,12.96,12.99,12.84,12.9,11.142069000000001,6600000
2011-04-27,12.95,13.06,12.87,13.01,11.237081,10399300
2011-04-28,12.98,13.23,12.88,13.2,11.401188000000001,7102400
2011-04-29,13.16,13.35,13.1,13.24,11.435739,3818300
2011-05-02,13.3,13.42,13.19,13.19,11.39255,3965600
2011-05-03,13.22,13.39,13.15,13.26,11.453012,6524600
2011-05-04,13.22,13.23,13.03,13.05,11.271632,5214000
2011-05-05,12.96,13.24,12.82,12.93,11.167982,6907400
2011-05-06,13.1,13.23,12.86,12.93,11.167982,4805700
2011-05-09,12.96,13.2,12.81,13.14,11.349364999999999,6166400
2011-05-10,13.23,13.24,12.91,13.05,11.271632,8304300
2011-05-11,13.07,13.11,12.73,12.82,11.072973,6003400
2011-05-12,12.79,12.85,12.5,12.58,10.865681,9300000
2011-05-13,12.64,12.7,12.38,12.44,10.744758000000001,6763600
2011-05-16,12.45,12.58,12.36,12.53,10.822492,5710600
2011-05-17,12.47,12.52,12.37,12.4,10.710206,7324600
2011-05-18,12.4,12.74,12.3,12.66,10.934777,8981700
2011-05-19,12.76,12.93,12.7,12.93,11.167982,7940900
2011-05-20,13.06,13.17,12.95,13.02,11.245718,10225900
2011-05-23,12.85,12.87,12.49,12.52,10.813854,9611900
2011-05-24,12.57,12.63,12.45,12.47,10.770667999999999,9694400
2011-05-25,12.42,12.82,12.36,12.74,11.003874,7258700
2011-05-26,12.8,12.86,12.63,12.71,10.977961,6207300
2011-05-27,12.74,12.82,12.68,12.76,11.021147000000001,2037500
2011-05-31,12.88,12.98,12.8,12.96,11.193895,4451900
2011-06-01,12.93,13.0,12.69,12.74,11.003874,5983500
2011-06-02,12.69,12.72,12.5,12.54,10.831128999999999,5789000
2011-06-03,12.36,12.53,12.26,12.46,10.762031,4669600
2011-06-06,12.42,12.47,12.27,12.3,10.623835,5743200
2011-06-07,12.34,12.45,12.23,12.33,10.649746,5616300
2011-06-08,12.33,12.47,12.3,12.35,10.667023,4061500
2011-06-09,12.35,12.44,12.26,12.44,10.744758000000001,7414800
2011-06-10,12.33,12.4,12.24,12.31,10.632472,6762200
2011-06-13,12.33,12.47,12.27,12.37,10.684295,5038200
2011-06-14,12.52,12.52,12.17,12.3,10.623835,8532700
2011-06-15,12.23,12.31,12.04,12.07,10.425178,6695800
2011-06-16,12.17,12.33,12.1,12.17,10.51155,6401500
2011-06-17,12.3,12.41,12.2,12.27,10.597923,4804100
2011-06-20,12.2,12.41,12.16,12.27,10.597923,5362900
2011-06-21,12.35,12.53,12.28,12.49,10.787944,5289000
2011-06-22,12.43,12.54,12.34,12.34,10.658382000000001,4066400
2011-06-23,12.17,12.23,12.03,12.21,10.546097999999999,8830000
2011-06-24,12.23,12.29,12.05,12.12,10.468366,6366100
2011-06-27,12.18,12.22,12.07,12.21,10.546097999999999,4527300
2011-06-28,12.26,12.58,12.22,12.46,10.762031,6109300
2011-06-29,12.48,12.68,12.38,12.6,10.882955,6783900
2011-06-30,12.68,12.76,12.57,12.74,11.003874,6323300
2011-07-01,12.73,12.98,12.68,12.98,11.211166,3636300
2011-07-05,13.05,13.16,12.8,12.84,11.090247,7324500
2011-07-06,12.85,13.0,12.72,12.97,11.202532000000001,6736300
2011-07-07,13.08,13.2,13.05,13.13,11.340727000000001,5681500
2011-07-08,13.0,13.07,12.9,13.06,11.280266000000001,3833200
2011-07-11,12.89,12.89,12.71,12.75,11.01251,4083700
2011-07-12,12.67,12.83,12.65,12.65,10.926142,4860100
2011-07-13,12.7,12.84,12.66,12.7,10.969324,6542600
2011-07-14,12.68,12.8,12.53,12.58,10.865681,5960500
2011-07-15,12.64,12.67,12.42,12.54,10.831128999999999,4461200
2011-07-18,12.43,12.47,12.16,12.29,10.615199,5956700
2011-07-19,12.35,12.56,12.32,12.53,10.822492,6231200
2011-07-20,12.56,12.67,12.49,12.58,10.865681,3693000
2011-07-21,12.67,12.8,12.64,12.78,11.038423,6608300
2011-07-22,12.81,12.81,12.62,12.68,10.95205,2330000
2011-07-25,12.59,12.95,12.55,12.88,11.124796,9087400
2011-07-26,12.9,12.9,12.69,12.8,11.0557,4852500
2011-07-27,12.72,12.84,12.69,12.71,10.977961,9696300
2011-07-28,12.69,12.73,12.44,12.46,10.762031,6857000
2011-07-29,12.35,12.55,12.18,12.31,10.632472,5647500
2011-08-01,12.39,12.43,12.06,12.18,10.520188000000001,5516200
2011-08-02,12.05,12.13,11.7,11.73,10.131511,10841000
2011-08-03,11.71,11.79,11.33,11.69,10.096961,10343500
2011-08-04,11.45,11.51,10.75,10.75,9.285059,11527600
2011-08-05,11.0,11.15,10.49,10.82,9.34552,14234300
2011-08-08,10.44,10.48,9.22,9.6,8.291772,16622900
2011-08-09,9.69,9.95,9.32,9.9,8.550889999999999,12565600
2011-08-10,9.69,9.91,9.42,9.68,8.360874,15179700
2011-08-11,9.71,10.56,9.71,10.43,9.008668,15999700
2011-08-12,10.49,10.78,10.46,10.51,9.077764,9171200
2011-08-15,10.6,11.04,10.6,11.02,9.518267,5832000
2011-08-16,10.92,11.02,10.75,10.88,9.397343,6208300
2011-08-17,10.97,11.23,10.81,10.91,9.423254,6814100
2011-08-18,10.6,10.65,10.22,10.45,9.025941,11701400
2011-08-19,10.31,10.5,10.16,10.18,8.792736,8231600
2011-08-22,10.42,10.62,10.04,10.17,8.784098,9074800
2011-08-23,10.22,10.47,10.05,10.47,9.043216000000001,5797000
2011-08-24,10.38,10.69,10.38,10.66,9.207322999999999,4596200
2011-08-25,10.69,10.76,10.09,10.23,8.835921,8183100
2011-08-26,10.16,10.47,9.9,10.35,8.939568,5355700
2011-08-29,10.56,10.88,10.55,10.87,9.388703,4429900
2011-08-30,10.83,10.89,10.62,10.65,9.198688,5946000
2011-08-31,10.77,10.94,10.72,10.86,9.380067,5256200
2011-09-01,10.85,10.92,10.63,10.64,9.19005,6646900
2011-09-02,10.43,10.5,10.23,10.32,8.913657,5475800
2011-09-06,9.97,10.56,9.88,10.53,9.095038,11678700
2011-09-07,10.74,10.98,10.56,10.86,9.380067,10993700
2011-09-08,10.87,10.98,10.66,10.68,9.224599000000001,7097200
2011-09-09,10.49,10.59,10.21,10.33,8.922296000000001,7673100
2011-09-12,10.08,10.41,10.08,10.4,8.982753,7209300
2011-09-13,10.43,10.51,10.28,10.38,8.96548,6985700
2011-09-14,10.44,10.71,10.35,10.59,9.146863,6553100
2011-09-15,10.7,10.89,10.6,10.89,9.405978999999999,6818300
2011-09-16,10.97,11.15,10.93,11.06,9.552813,6120600
2011-09-19,10.87,10.98,10.81,10.93,9.440529,6312300
2011-09-20,10.96,11.07,10.68,10.72,9.259148,6521400
2011-09-21,10.69,10.84,10.35,10.36,8.948203999999999,7751900
2011-09-22,9.99,10.02,9.69,9.83,8.490433,15174100
2011-09-23,9.8,10.14,9.75,9.87,8.524979,9893500
2011-09-26,10.02,10.1,9.72,10.07,8.697725,8120600
2011-09-27,10.33,10.44,10.13,10.19,8.801373,9308600
2011-09-28,10.21,10.31,9.94,9.95,8.594077,7917900
2011-09-29,10.19,10.28,10.04,10.26,8.861834,6978900
2011-09-30,10.12,10.12,9.76,9.76,8.429967,7583300
2011-10-03,9.68,9.85,9.44,9.44,8.153577,7379700
2011-10-04,9.29,9.44,9.0,9.44,8.153577,9700000
2011-10-05,9.47,9.79,9.29,9.76,8.429967,8246500
2011-10-06,9.69,10.22,9.66,10.16,8.775461,6571900
2011-10-07,10.21,10.22,9.86,10.02,8.654537,6427600
2011-10-10,10.26,10.48,10.16,10.35,8.939568,5359300
2011-10-11,10.26,10.46,10.2,10.21,8.818647,5218200
2011-10-12,10.27,10.58,10.23,10.47,9.043216000000001,5510600
2011-10-13,10.36,10.46,10.14,10.39,8.974119,6205400
2011-10-14,10.55,10.65,10.48,10.51,9.077764,5118400
2011-10-17,10.48,10.52,10.23,10.25,8.853195,4963600
2011-10-18,10.26,10.82,10.18,10.7,9.241871000000002,9919000
2011-10-19,10.71,10.97,10.65,10.79,9.319609,6712600
2011-10-20,10.78,10.86,10.57,10.82,9.34552,5589700
2011-10-21,10.95,11.2,10.95,11.19,9.665099,5589300
2011-10-24,11.22,11.39,11.13,11.23,9.699645,5623000
2011-10-25,11.16,11.16,10.8,10.82,9.34552,5223100
2011-10-26,11.13,11.25,10.86,10.96,9.466443,6523200
2011-10-27,11.29,11.7,11.29,11.51,9.94149,9985800
2011-10-28,11.5,11.7,11.3,11.65,10.062413000000001,5400500
2011-10-31,11.49,11.5,11.22,11.22,9.691011,5034200
2011-11-01,10.8,11.21,10.8,10.94,9.449164999999999,7131300
2011-11-02,11.12,11.42,11.08,11.29,9.751472,5817000
2011-11-03,11.4,11.67,11.3,11.58,10.00195,5835800
2011-11-04,11.97,12.11,11.61,11.91,10.28698,8018000
2011-11-07,11.85,11.96,11.78,11.93,10.304258,5436700
2011-11-08,11.95,12.14,11.84,12.12,10.468366,4959400
2011-11-09,11.8,11.8,11.36,11.41,9.855118,7521500
2011-11-10,11.62,11.67,11.35,11.48,9.915579,4755300
2011-11-11,11.73,11.78,11.6,11.78,10.174697,3523700
2011-11-14,11.64,11.79,11.59,11.7,10.105597999999999,4206700
2011-11-15,11.65,11.88,11.61,11.82,10.209249,3646000
2011-11-16,11.65,11.92,11.56,11.7,10.105597999999999,5345000
2011-11-17,11.67,11.68,11.37,11.49,9.924216,7689500
2011-11-18,11.61,11.81,11.55,11.75,10.148786,6264300
2011-11-21,11.6,11.61,11.28,11.49,9.924216,5940100
2011-11-22,11.44,11.51,11.11,11.25,9.716923,7039300
2011-11-23,11.15,11.22,10.96,11.12,9.604638000000001,8625900
2011-11-25,11.07,11.25,11.07,11.09,9.578725,1478300
2011-11-28,11.41,11.62,11.33,11.42,9.863755000000001,6274000
2011-11-29,11.66,11.77,11.45,11.65,10.062413000000001,5773100
2011-11-30,12.0,12.11,11.88,12.08,10.433816,7044000
2011-12-01,12.01,12.24,11.97,12.11,10.459725,6622400
2011-12-02,12.2,12.21,11.86,11.94,10.312896,7119800
2011-12-05,12.13,12.2,11.97,12.08,10.433816,5512800
2011-12-06,12.1,12.19,11.95,12.07,10.425178,5660700
2011-12-07,11.99,12.12,11.96,12.04,10.399265,3942400
2011-12-08,11.94,12.0,11.47,11.51,9.94149,8389900
2011-12-09,11.6,11.9,11.59,11.86,10.243794,5688000
2011-12-12,11.73,11.88,11.6,11.72,10.122874000000001,5027900
2011-12-13,11.81,11.93,11.61,11.67,10.079687,7046900
2011-12-14,11.62,11.7,11.48,11.51,9.94149,5527500
2011-12-15,11.68,11.85,11.56,11.57,9.993314,5811800
2011-12-16,11.65,11.75,11.43,11.5,9.932855,7936900
2011-12-19,11.59,11.7,11.44,11.48,9.915579,5287000
2011-12-20,11.67,11.76,11.58,11.69,10.096961,8518000
2011-12-21,11.69,11.69,11.49,11.59,10.010587,5751700
2011-12-22,11.66,11.84,11.64,11.8,10.19197,4791300
2011-12-23,11.83,11.92,11.78,11.87,10.252431,4001500
2011-12-27,11.8,11.97,11.74,11.91,10.28698,2191600
2011-12-28,11.94,11.94,11.67,11.72,10.122874000000001,2370200
2011-12-29,11.81,11.95,11.79,11.88,10.261069,2324700
2011-12-30,11.85,11.96,11.81,11.84,10.226521,1541900
2012-01-03,12.03,12.21,11.85,12.12,10.468366,7312000
2012-01-04,12.05,12.2,12.01,12.03,10.390628,3675600
2012-01-05,12.02,12.38,11.9,12.32,10.641109,8710600
2012-01-06,12.28,12.38,12.14,12.23,10.563374000000001,7463600
2012-01-09,12.23,12.51,12.17,12.47,10.770667999999999,6515500
2012-01-10,12.6,12.76,12.58,12.7,10.969324,8614600
2012-01-11,12.68,12.7,12.54,12.66,10.934777,2989300
2012-01-12,12.71,12.74,12.49,12.55,10.839767,4150800
2012-01-13,12.47,12.67,12.42,12.65,10.926142,4646600
2012-01-17,12.77,12.9,12.69,12.88,11.124796,6166400
2012-01-18,12.83,12.9,12.74,12.79,11.047061,3989700
2012-01-19,12.84,12.94,12.75,12.92,11.159345,4187800
2012-01-20,12.92,13.06,12.84,13.06,11.280266000000001,4874700
2012-01-23,13.04,13.13,12.86,12.94,11.176621,7939200
2012-01-24,12.87,12.91,12.71,12.74,11.003874,4276400
2012-01-25,12.71,13.14,12.66,13.11,11.323452,6805500
2012-01-26,13.15,13.15,12.86,12.94,11.176621,5069300
2012-01-27,12.9,12.98,12.79,12.81,11.064336,4680100
2012-01-30,12.71,12.79,12.63,12.75,11.01251,3206400
2012-01-31,12.86,12.87,12.56,12.76,11.021147000000001,4231400
2012-02-01,12.84,13.05,12.83,12.96,11.193895,4104200
2012-02-02,12.97,13.06,12.93,13.01,11.237081,2496200
2012-02-03,13.14,13.15,12.9,12.92,11.159345,3908900
2012-02-06,12.87,12.9,12.75,12.78,11.038423,2789200
2012-02-07,12.71,12.94,12.68,12.88,11.124796,3463800
2012-02-08,12.88,12.97,12.83,12.94,11.176621,2617100
2012-02-09,13.0,13.09,12.86,12.98,11.211166,2407400
2012-02-10,12.88,12.92,12.79,12.88,11.124796,2420100
2012-02-13,13.06,13.37,13.04,13.12,11.332089,4801500
2012-02-14,13.17,13.48,13.05,13.48,11.643033,5511400
2012-02-15,13.5,13.56,13.39,13.43,11.599846000000001,4147500
2012-02-16,13.47,13.84,13.42,13.78,11.90215,4867500
2012-02-17,13.81,13.85,13.53,13.7,11.833051,5082000
2012-02-21,13.71,13.8,13.61,13.78,11.90215,3734100
2012-02-22,13.79,13.84,13.66,13.82,11.9367,2894500
2012-02-23,13.82,14.01,13.63,13.77,11.893516,5112700
2012-02-24,13.75,13.89,13.63,13.8,11.919427,4808400
2012-02-27,13.76,13.82,13.41,13.7,11.833051,6593100
2012-02-28,13.74,13.75,13.4,13.44,11.608481,4808200
2012-02-29,13.52,13.6,13.31,13.56,11.712131,6572000
2012-03-01,13.46,13.72,13.44,13.53,11.686217,3683500
2012-03-02,13.51,13.62,13.38,13.49,11.65167,3003300
2012-03-05,13.41,13.47,13.25,13.38,11.55666,3903300
2012-03-06,13.24,13.28,12.91,12.98,11.211166,6421700
2012-03-07,12.93,13.1,12.88,13.02,11.245718,3316600
2012-03-08,13.14,13.29,13.1,13.18,11.383916000000001,5558500
2012-03-09,13.27,13.34,13.17,13.19,11.39255,3994700
2012-03-12,13.23,13.3,13.14,13.27,11.46165,3953500
2012-03-13,13.37,13.4,13.17,13.32,11.504833999999999,5231100
2012-03-14,13.3,13.44,12.99,13.0,11.228442,7368800
2012-03-15,13.05,13.19,13.0,13.15,11.358002,7273600
2012-03-16,13.16,13.28,13.08,13.17,11.375276,6697900
2012-03-19,13.17,13.24,13.1,13.12,11.332089,3191900
2012-03-20,13.02,13.17,12.97,13.15,11.358002,5497000
2012-03-21,13.13,13.21,13.05,13.09,11.306179,2374100
2012-03-22,12.98,13.05,12.78,12.86,11.107521,4719900
2012-03-23,12.93,13.02,12.88,12.92,11.159345,3256400
2012-03-26,13.03,13.14,12.95,13.11,11.323452,5135000
2012-03-27,13.15,13.18,13.04,13.17,11.375276,6117300
2012-03-28,13.13,13.2,12.87,13.02,11.245718,5644000
2012-03-29,12.9,13.06,12.75,13.02,11.245718,5821000
2012-03-30,13.13,13.13,12.99,13.07,11.288905,4678900
2012-04-02,13.0,13.12,12.93,13.04,11.262992,4667700
2012-04-03,13.07,13.25,12.94,13.25,11.444375,8274700
2012-04-04,13.06,13.24,13.05,13.17,11.375276,4666200
2012-04-05,13.11,13.11,12.86,12.92,11.159345,4292800
2012-04-09,12.7,12.88,12.7,12.86,11.107521,4200900
2012-04-10,12.79,12.84,12.47,12.5,10.796581,5236300
2012-04-11,12.62,12.69,12.46,12.48,10.779306,4259400
2012-04-12,12.47,12.7,12.43,12.66,10.934777,2736600
2012-04-13,12.59,12.65,12.38,12.4,10.710206,6022400
2012-04-16,12.49,12.57,12.39,12.44,10.744758000000001,4594700
2012-04-17,12.56,12.58,12.26,12.34,10.658382000000001,7471100
2012-04-18,12.32,12.46,12.21,12.25,10.580648,5753300
2012-04-19,12.27,12.27,12.08,12.12,10.468366,6657800
2012-04-20,12.17,12.3,12.09,12.26,10.589286,7128500
2012-04-23,12.13,12.14,11.97,12.05,10.407903999999998,6120100
2012-04-24,12.11,12.23,12.08,12.14,10.485641000000001,2880300
2012-04-25,12.25,12.27,12.16,12.22,10.554737,3251800
2012-04-26,12.19,12.51,12.12,12.42,10.727482,5466800
2012-04-27,12.47,12.53,12.36,12.45,10.753394,3626600
2012-04-30,12.45,12.53,12.37,12.52,10.813854,5446700
2012-05-01,12.48,12.62,12.42,12.58,10.865681,4711300
2012-05-02,12.48,12.52,12.27,12.31,10.632472,4731600
2012-05-03,12.31,12.38,12.18,12.21,10.546097999999999,6022000
2012-05-04,12.71,12.8,12.02,12.08,10.433816,6519600
2012-05-07,12.0,12.19,11.97,12.07,10.425178,4850100
2012-05-08,11.96,12.04,11.66,12.01,10.373355,9208400
2012-05-09,11.87,12.1,11.74,12.03,10.390628,7929600
2012-05-10,12.22,12.51,12.18,12.37,10.684295,7033300
2012-05-11,12.33,12.56,12.25,12.36,10.675658,7301200
2012-05-14,12.26,12.36,12.17,12.22,10.554737,3939100
2012-05-15,12.2,12.32,12.06,12.19,10.528824,9178500
2012-05-16,12.26,12.43,12.07,12.13,10.477002,6835000
2012-05-17,12.15,12.19,11.97,11.98,10.347442,3870200
2012-05-18,12.07,12.15,11.91,11.95,10.321531,6055200
2012-05-21,12.0,12.24,11.98,12.23,10.563374000000001,5107300
2012-05-22,12.24,12.53,12.19,12.42,10.727482,6361500
2012-05-23,12.3,12.34,12.11,12.21,10.546097999999999,8081400
2012-05-24,12.24,12.38,12.2,12.38,10.692934,5722000
2012-05-25,12.35,12.56,12.35,12.55,10.839767,4208600
2012-05-29,12.55,12.64,12.46,12.61,10.891589,4990000
2012-05-30,12.49,12.56,12.24,12.32,10.641109,5296000
2012-05-31,12.28,12.33,12.06,12.09,10.442452000000001,9161900
2012-06-01,11.88,11.97,11.76,11.84,10.226521,6849900
2012-06-04,11.84,11.91,11.64,11.82,10.209249,5652900
2012-06-05,11.78,12.06,11.78,12.02,10.381991000000001,4556700
2012-06-06,12.09,12.46,12.09,12.45,10.753394,5615000
2012-06-07,12.58,12.67,12.34,12.36,10.675658,8306800
2012-06-08,12.32,12.56,12.29,12.55,10.839767,4413800
2012-06-11,12.66,12.67,12.29,12.3,10.623835,4408800
2012-06-12,12.3,12.37,12.15,12.33,10.649746,4650500
2012-06-13,12.23,12.45,12.1,12.34,10.658382000000001,3914000
2012-06-14,12.39,12.65,12.34,12.62,10.900228,5199100
2012-06-15,12.63,12.68,12.54,12.63,10.908866,5150600
2012-06-18,12.59,12.63,12.47,12.58,10.865681,5719500
2012-06-19,12.61,12.75,12.55,12.69,10.960687,3888700
2012-06-20,12.66,12.7,12.37,12.45,10.753394,4884200
2012-06-21,12.43,12.61,12.11,12.13,10.477002,4283100
2012-06-22,12.17,12.25,12.02,12.08,10.433816,7092100
2012-06-25,11.91,12.06,11.87,12.01,10.373355,5174500
2012-06-26,12.05,12.26,12.02,12.18,10.520188000000001,4368500
2012-06-27,12.23,12.52,12.2,12.45,10.753394,3831900
2012-06-28,12.37,12.64,12.36,12.62,10.900228,3821500
2012-06-29,12.83,12.88,12.71,12.83,11.081611,5722000
2012-07-02,12.94,12.94,12.64,12.72,10.986597,3358200
2012-07-03,12.72,12.82,12.68,12.81,11.064336,3649200
2012-07-05,12.75,12.88,12.71,12.83,11.081611,4550700
2012-07-06,12.7,12.87,12.64,12.84,11.090247,4471200
2012-07-09,12.84,12.85,12.58,12.67,10.943414,4020900
2012-07-10,12.77,12.78,12.61,12.65,10.926142,3751600
2012-07-11,12.66,12.8,12.61,12.75,11.01251,4774900
2012-07-12,12.64,12.7,12.54,12.6,10.882955,4269500
2012-07-13,12.61,12.77,12.6,12.72,10.986597,2963500
2012-07-16,12.69,12.72,12.61,12.64,10.917504,2807300
2012-07-17,12.7,12.79,12.56,12.67,10.943414,4714800
2012-07-18,12.62,12.73,12.56,12.61,10.891589,6248400
2012-07-19,12.69,12.9,12.65,12.82,11.072973,8151700
2012-07-20,12.71,12.89,12.71,12.77,11.029788,4019700
2012-07-23,12.64,12.71,12.37,12.45,10.753394,4270200
2012-07-24,12.39,12.43,12.01,12.1,10.451089999999999,8626700
2012-07-25,12.16,12.24,11.65,11.79,10.183335000000001,11321200
2012-07-26,11.97,12.14,11.89,11.97,10.338806,7507400
2012-07-27,12.01,12.07,11.9,11.98,10.347442,10385200
2012-07-30,12.02,12.25,12.01,12.11,10.459725,9262100
2012-07-31,12.09,12.16,12.04,12.06,10.416541,6151300
2012-08-01,12.12,12.22,11.98,12.0,10.364717,5581400
2012-08-02,11.92,12.11,11.81,12.11,10.459725,7263800
2012-08-03,12.24,12.34,12.19,12.25,10.580648,5405000
2012-08-06,11.98,12.11,11.6,11.71,10.114238,13522000
2012-08-07,11.68,11.78,11.5,11.53,9.958765,6639800
2012-08-08,11.53,11.77,11.46,11.72,10.122874000000001,6764400
2012-08-09,11.7,11.8,11.64,11.76,10.157422,5944500
2012-08-10,11.72,11.83,11.68,11.78,10.174697,4069700
2012-08-13,11.73,11.88,11.71,11.86,10.243794,4196900
2012-08-14,11.91,11.92,11.68,11.7,10.105597999999999,4403400
2012-08-15,11.72,11.77,11.63,11.66,10.071050999999999,5436300
2012-08-16,11.71,11.88,11.64,11.79,10.183335000000001,5805000
2012-08-17,11.79,11.81,11.6,11.67,10.079687,3725600
2012-08-20,11.68,11.69,11.58,11.67,10.079687,3228100
2012-08-21,11.66,11.72,11.58,11.61,10.027864,3518800
2012-08-22,11.57,11.69,11.55,11.67,10.079687,3586300
2012-08-23,11.65,11.66,11.36,11.38,9.829206,4300200
2012-08-24,11.38,11.57,11.34,11.51,9.94149,4209000
2012-08-27,11.51,11.59,11.49,11.56,9.984677,3147500
2012-08-28,11.51,11.59,11.41,11.42,9.863755000000001,4348400
2012-08-29,11.45,11.57,11.44,11.52,9.95013,4616300
2012-08-30,11.48,11.5,11.37,11.39,9.837844,2436200
2012-08-31,11.44,11.49,11.32,11.39,9.837844,3819300
2012-09-04,11.36,11.43,11.25,11.29,9.751472,5721100
2012-09-05,11.29,11.35,11.11,11.29,9.751472,6631200
2012-09-06,11.36,11.43,11.17,11.37,9.820569,8654500
2012-09-07,11.39,11.46,11.29,11.39,9.837844,6796400
2012-09-10,11.41,11.51,11.36,11.46,9.898304,7676800
2012-09-11,11.45,11.53,11.41,11.5,9.932855,4635300
2012-09-12,11.48,11.54,11.23,11.26,9.725558,9175300
2012-09-13,11.31,11.51,11.21,11.5,9.932855,6149600
2012-09-14,11.49,11.6,11.47,11.57,9.993314,7927300
2012-09-17,11.53,11.6,11.37,11.4,9.846480999999999,5310600
2012-09-18,11.41,11.43,11.11,11.17,9.647822,6259600
2012-09-19,11.18,11.25,11.12,11.14,9.621913000000001,5768600
2012-09-20,11.09,11.21,11.02,11.2,9.673736,6313100
2012-09-21,11.22,11.22,11.08,11.12,9.604638000000001,7058500
2012-09-24,11.13,11.38,11.1,11.24,9.708283999999999,8053300
2012-09-25,11.25,11.36,11.05,11.05,9.544175,5850000
2012-09-26,11.06,11.12,10.85,10.89,9.405978999999999,7175300
2012-09-27,10.97,11.06,10.86,10.89,9.405978999999999,5544000
2012-09-28,10.85,11.02,10.83,10.97,9.47508,5213100
2012-10-01,10.96,11.1,10.75,10.8,9.328248,5627900
2012-10-02,10.83,10.93,10.8,10.88,9.397343,7147700
2012-10-03,10.92,10.99,10.85,10.91,9.423254,4493600
2012-10-04,10.96,11.09,10.9,11.0,9.500991,4994600
2012-10-05,11.02,11.1,10.87,10.92,9.431891,3507900
2012-10-08,10.9,10.93,10.82,10.83,9.354157,2507900
2012-10-09,10.83,10.88,10.73,10.78,9.310971,3608200
2012-10-10,10.82,10.82,10.59,10.64,9.19005,3092700
2012-10-11,10.69,10.86,10.67,10.7,9.241871000000002,4124700
2012-10-12,10.74,10.78,10.53,10.61,9.164137,5396900
2012-10-15,10.6,10.74,10.54,10.74,9.276422,4649200
2012-10-16,10.79,10.99,10.75,10.96,9.466443,5478600
2012-10-17,10.92,11.12,10.79,11.1,9.587365,8446500
2012-10-18,11.1,11.25,11.03,11.15,9.630548,4747000
2012-10-19,11.1,11.16,10.97,11.04,9.535539,2923600
2012-10-22,10.89,11.0,10.74,10.81,9.336885,4915200
2012-10-23,10.7,10.78,10.58,10.73,9.267783999999999,6490000
2012-10-24,10.74,10.79,10.49,10.49,9.060491,4397500
2012-10-25,10.55,10.62,10.36,10.45,9.025941,4479800
2012-10-26,10.39,10.53,10.34,10.45,9.060623,4931800
2012-10-31,10.51,10.61,10.37,10.45,9.060623,3903900
2012-11-01,10.49,10.8,10.42,10.54,9.138658,8865900
2012-11-02,10.57,10.7,10.55,10.66,9.242702,5592400
2012-11-05,10.62,10.65,10.37,10.37,8.99126,3400800
2012-11-06,10.37,10.63,10.33,10.48,9.086635000000001,5596400
2012-11-07,10.55,10.77,10.06,10.07,8.731145,5944700
2012-11-08,10.08,10.18,10.01,10.15,8.800509,6118200
2012-11-09,10.14,10.18,9.93,9.96,8.635772,7646800
2012-11-12,10.13,10.34,9.83,9.91,8.592417999999999,3304200
2012-11-13,9.87,9.99,9.73,9.74,8.44502,6580800
2012-11-14,9.76,9.82,9.52,9.78,8.479704,9619400
2012-11-15,9.79,9.93,9.58,9.72,8.42768,6977100
2012-11-16,9.74,9.93,9.64,9.89,8.57508,7068500
2012-11-19,10.01,10.1,9.84,9.97,8.64444,8651400
2012-11-20,9.94,9.99,9.81,9.92,8.601089,5458900
2012-11-21,9.92,10.03,9.87,9.97,8.64444,4155800
2012-11-23,10.14,10.18,10.02,10.1,8.757157000000001,2904400
2012-11-26,10.07,10.28,10.06,10.2,8.843863,5643900
2012-11-27,10.22,10.34,10.12,10.17,8.817849,7278600
2012-11-28,10.15,10.4,10.12,10.4,9.017271000000001,4244900
2012-11-29,10.44,10.46,10.28,10.42,9.034612,4427100
2012-11-30,10.42,10.68,10.41,10.67,9.251372,20870500
2012-12-03,10.76,10.76,10.53,10.57,9.164666,4482800
2012-12-04,10.55,10.78,10.52,10.72,9.294725,6784200
2012-12-05,10.7,10.92,10.62,10.86,9.41611,8289900
2012-12-06,10.87,10.96,10.79,10.84,9.398769999999999,6648300
2012-12-07,10.84,10.98,10.77,10.86,9.41611,5116700
2012-12-10,10.83,10.86,10.7,10.72,9.294725,5272900
2012-12-11,10.73,10.87,10.69,10.72,9.294725,4892800
2012-12-12,10.73,10.79,10.71,10.74,9.312064999999999,3855800
2012-12-13,10.72,10.78,10.61,10.77,9.338076,4566700
2012-12-14,10.73,10.79,10.68,10.74,9.312064999999999,3670200
2012-12-17,10.76,10.92,10.74,10.9,9.450794,5048900
2012-12-18,10.88,11.07,10.86,11.05,9.580852,3788100
2012-12-19,11.08,11.08,10.89,10.91,9.459462,5674100
2012-12-20,10.96,11.03,10.88,11.02,9.554838,2636200
2012-12-21,10.94,10.99,10.77,10.9,9.450794,5069900
2012-12-24,10.88,10.9,10.73,10.8,9.36409,1203300
2012-12-26,10.82,10.87,10.74,10.77,9.338076,2388900
2012-12-27,10.74,10.78,10.44,10.64,9.225361,3612600
2012-12-28,10.56,10.64,10.48,10.51,9.112646,2737400
2012-12-31,10.5,10.74,10.41,10.7,9.277386,3652800
2013-01-02,10.89,11.03,10.81,11.0,9.537499,5166900
2013-01-03,10.95,11.05,10.88,10.94,9.485475,8415000
2013-01-04,10.99,11.25,10.93,11.2,9.710907,6218700
2013-01-07,11.33,11.33,10.81,10.85,9.407441,6791100
2013-01-08,10.81,10.93,10.69,10.85,9.407441,3683000
2013-01-09,10.84,10.95,10.79,10.9,9.450794,3836900
2013-01-10,10.95,11.11,10.88,11.09,9.615530999999999,3716300
2013-01-11,11.08,11.16,11.0,11.11,9.632872,3671800
2013-01-14,11.1,11.18,10.99,11.03,9.563507000000001,4126900
2013-01-15,11.0,11.04,10.8,11.0,9.537499,2746700
2013-01-16,10.94,11.02,10.89,10.95,9.494147,3127200
2013-01-17,11.0,11.14,10.99,11.07,9.598189,2677900
2013-01-18,11.1,11.14,11.0,11.14,9.658885,2706700
2013-01-22,11.1,11.36,11.09,11.31,9.806284,3983300
2013-01-23,11.28,11.31,11.1,11.21,9.71958,4565400
2013-01-24,11.22,11.3,11.04,11.09,9.615530999999999,7951700
2013-01-25,11.1,11.18,11.0,11.09,9.615530999999999,5543800
2013-01-28,11.06,11.08,10.84,10.85,9.407441,9922600
2013-01-29,10.85,10.86,10.67,10.7,9.277386,20323400
2013-01-30,10.69,10.95,10.66,10.88,9.46885,18373200
2013-01-31,10.89,10.95,10.78,10.84,9.43404,7138500
2013-02-01,10.93,11.13,10.86,11.05,9.6168,6578600
2013-02-04,11.09,11.11,10.9,10.92,9.503663000000001,4402400
2013-02-05,10.96,11.07,10.91,10.99,9.564583,5720100
2013-02-06,10.95,11.09,10.93,11.06,9.625504,4023200
2013-02-07,11.06,11.14,10.99,11.11,9.669017,5463600
2013-02-08,11.12,11.14,10.99,11.07,9.634205999999999,6413900
2013-02-11,11.06,11.22,11.02,11.2,9.747345,5735400
2013-02-12,11.23,11.33,11.17,11.31,9.84308,5019900
2013-02-13,11.31,11.43,11.31,11.34,9.869185,4463800
2013-02-14,11.31,11.38,11.21,11.21,9.756047,4892100
2013-02-15,11.22,11.24,11.11,11.17,9.721237,4121200
2013-02-19,11.17,11.37,11.17,11.37,9.895294,4541800
2013-02-20,11.36,11.42,11.31,11.37,9.895294,8649500
2013-02-21,11.35,11.36,11.04,11.06,9.625504,4101600
2013-02-22,11.12,11.23,11.08,11.23,9.773454,3545700
2013-02-25,11.27,11.32,10.89,10.9,9.486256,7176700
2013-02-26,10.91,11.01,10.8,10.95,9.529772,5059800
2013-02-27,11.07,11.8,11.01,11.64,10.130279,11982300
2013-02-28,11.67,11.79,11.61,11.62,10.112872,8716800
2013-03-01,11.56,11.94,11.52,11.93,10.382665,7874700
2013-03-04,11.92,12.07,11.82,12.02,10.460991,9989100
2013-03-05,12.04,12.23,12.01,12.18,10.600238000000001,6471600
2013-03-06,12.28,12.42,12.25,12.36,10.756893,6689300
2013-03-07,12.35,12.38,12.25,12.32,10.722078999999999,5004600
2013-03-08,12.39,12.39,12.21,12.33,10.730783,4384200
2013-03-11,12.3,12.53,12.3,12.51,10.887437,4885000
2013-03-12,12.48,12.63,12.46,12.55,10.922251,4151100
2013-03-13,12.52,12.71,12.46,12.64,11.000575,4768400
2013-03-14,12.63,12.73,12.53,12.57,10.939652,8850200
2013-03-15,12.52,12.61,12.38,12.5,10.878735,8931000
2013-03-18,12.4,12.53,12.27,12.39,10.783002,8102800
2013-03-19,12.46,12.49,12.29,12.45,10.83522,4869100
2013-03-20,12.5,12.72,12.5,12.68,11.035387,7344200
2013-03-21,12.63,12.69,12.42,12.42,10.80911,4838200
2013-03-22,12.47,12.51,12.37,12.41,10.800407,5071800
2013-03-25,12.49,12.54,12.25,12.3,10.704675,6163200
2013-03-26,12.39,12.51,12.34,12.39,10.783002,5049500
2013-03-27,12.33,12.55,12.26,12.54,10.913546,4543500
2013-03-28,12.57,12.61,12.47,12.57,10.939652,4020600
2013-04-01,12.57,12.61,12.39,12.51,10.887437,3016500
2013-04-02,12.54,12.55,12.43,12.51,10.887437,3064000
2013-04-03,12.52,12.57,12.41,12.46,10.843924000000001,4900500
2013-04-04,12.47,12.62,12.45,12.53,10.904844,3259000
2013-04-05,12.37,12.58,12.36,12.43,10.817814,6562800
2013-04-08,12.4,12.61,12.36,12.59,10.957063,8949000
2013-04-09,12.64,12.72,12.51,12.64,11.000575,6840400
2013-04-10,12.73,12.93,12.67,12.85,11.18334,5271900
2013-04-11,12.87,12.98,12.85,12.93,11.252963000000001,4612400
2013-04-12,12.87,13.1,12.85,13.1,11.400914,4166000
2013-04-15,13.07,13.2,12.66,12.69,11.044091,5645000
2013-04-16,12.75,12.9,12.71,12.87,11.200747,3786200
2013-04-17,12.78,12.8,12.47,12.64,11.000575,9794700
2013-04-18,12.64,12.68,12.53,12.62,10.98317,6448900
2013-04-19,12.53,12.88,12.53,12.87,11.200747,5083200
2013-04-22,12.88,13.01,12.7,12.92,11.244258,3847500
2013-04-23,13.0,13.2,12.9,13.15,11.444429,4965100
2013-04-24,13.18,13.28,13.07,13.24,11.522756,3718100
2013-04-25,13.26,13.6,13.16,13.46,11.714221,7344100
2013-04-26,13.49,13.58,13.37,13.47,11.722923,8188000
2013-04-29,13.5,13.74,13.45,13.66,11.923689999999999,6864000
2013-04-30,13.69,13.94,13.62,13.86,12.098268,10961000
2013-05-01,13.86,13.94,13.74,13.8,12.045892,3918100
2013-05-02,13.86,13.88,13.7,13.83,12.072082,3763500
2013-05-03,13.91,13.98,13.79,13.82,12.063352,4678400
2013-05-06,13.81,13.86,13.7,13.83,12.072082,2747200
2013-05-07,13.83,13.98,13.76,13.96,12.185556,5013500
2013-05-08,13.92,14.0,13.78,13.9,12.133181,4829200
2013-05-09,13.79,13.8,13.18,13.22,11.539617,7820500
2013-05-10,13.0,13.32,12.72,13.31,11.618177000000001,12089500
2013-05-13,13.24,13.24,12.96,13.01,11.356311,5855100
2013-05-14,13.02,13.28,12.98,13.13,11.461058999999999,5578600
2013-05-15,13.14,13.27,12.98,13.08,11.417413,10861600
2013-05-16,13.01,13.06,12.78,12.86,11.225375999999999,8298400
2013-05-17,12.88,13.0,12.86,12.99,11.338851,4908300
2013-05-20,12.98,13.02,12.85,12.93,11.286480000000001,4060700
2013-05-21,12.93,13.05,12.84,13.0,11.347582000000001,8428200
2013-05-22,13.01,13.24,12.75,12.84,11.207919,7910800
2013-05-23,12.75,12.98,12.55,12.9,11.260291,5943900
2013-05-24,12.8,12.83,12.6,12.66,11.050798,2892400
2013-05-28,12.75,12.77,12.27,12.42,10.841306,7682500
2013-05-29,12.33,12.43,12.07,12.37,10.79766,6643300
2013-05-30,12.4,12.66,12.3,12.31,10.745286,4496400
2013-05-31,12.28,12.51,12.2,12.2,10.649269,5623100
2013-06-03,12.21,12.39,12.04,12.29,10.727828,7857800
2013-06-04,12.31,12.38,12.18,12.28,10.7191,6288900
2013-06-05,12.21,12.25,12.02,12.07,10.535793,4877000
2013-06-06,12.06,12.33,12.02,12.28,10.7191,5945900
2013-06-07,12.32,12.61,12.28,12.51,10.919865,4139200
2013-06-10,12.51,12.55,12.24,12.26,10.701642999999999,3919100
2013-06-11,12.16,12.39,12.06,12.31,10.745286,4736500
2013-06-12,12.4,12.43,12.1,12.18,10.631811,3640800
2013-06-13,12.17,12.41,12.12,12.39,10.815119000000001,3163100
2013-06-14,12.41,12.5,12.29,12.36,10.788929,2304400
2013-06-17,12.42,12.48,12.18,12.25,10.692913,4514300
2013-06-18,12.28,12.3,12.14,12.17,10.62308,7075900
2013-06-19,12.13,12.17,11.68,11.68,10.195363,7135400
2013-06-20,11.63,11.74,11.38,11.43,9.977143,7258000
2013-06-21,11.51,11.61,11.17,11.48,10.020787,7723500
2013-06-24,11.38,11.59,11.24,11.41,9.959683,5858200
2013-06-25,11.51,11.78,11.4,11.67,10.186637,6100000
2013-06-26,11.75,11.97,11.71,11.91,10.39613,5247600
2013-06-27,11.97,12.1,11.9,11.96,10.439775,7370700
2013-06-28,11.98,12.11,11.87,11.99,10.465961,7134900
2013-07-01,12.11,12.11,11.85,11.9,10.3874,5311800
2013-07-02,11.9,12.04,11.77,11.81,10.308841000000001,5972000
2013-07-03,11.7,11.97,11.62,11.83,10.326299,2864900
2013-07-05,11.87,11.91,11.72,11.86,10.352483,3694300
2013-07-08,11.89,12.01,11.88,11.92,10.404860000000001,4803900
2013-07-09,11.98,12.11,11.97,12.03,10.500876,5249200
2013-07-10,12.01,12.28,11.98,12.26,10.701642999999999,6342200
2013-07-11,12.41,12.54,12.39,12.53,10.937324,4191200
2013-07-12,12.5,12.62,12.45,12.6,10.998425,3330800
2013-07-15,12.6,12.9,12.58,12.87,11.234105,3748400
2013-07-16,12.84,12.89,12.72,12.77,11.146815,3469600
2013-07-17,12.86,12.9,12.67,12.74,11.12063,3123800
2013-07-18,12.74,12.83,12.72,12.75,11.129358,3592700
2013-07-19,12.73,12.9,12.71,12.83,11.199191,3721600
2013-07-22,12.82,12.87,12.66,12.68,11.068257000000001,2993600
2013-07-23,12.68,12.82,12.55,12.76,11.138086999999999,2056500
2013-07-24,12.72,12.72,12.32,12.42,10.841306,2570000
2013-07-25,12.37,12.47,12.25,12.45,10.86749,3674300
2013-07-26,12.38,12.49,12.32,12.48,10.893678,2518700
2013-07-29,12.47,12.54,12.39,12.4,10.823847,2804900
2013-07-30,12.45,12.48,12.34,12.38,10.84136,3755300
2013-07-31,12.35,12.59,12.24,12.44,10.893906,4778400
2013-08-01,12.53,12.7,12.4,12.66,11.086559,3259700
2013-08-02,12.66,12.7,12.49,12.66,11.086559,2713900
2013-08-05,12.57,12.82,12.53,12.78,11.191646,4252400
2013-08-06,12.7,12.82,12.65,12.76,11.174132,5994600
2013-08-07,12.68,12.88,12.59,12.87,11.27046,4572700
2013-08-08,12.89,13.38,12.78,13.13,11.498148,5706200
2013-08-09,13.11,13.33,13.08,13.09,11.463118,3605600
2013-08-12,13.06,13.12,13.0,13.08,11.454362,3170700
2013-08-13,13.11,13.11,12.89,12.97,11.358032000000001,4810200
2013-08-14,12.95,13.07,12.87,12.99,11.375547000000001,3424300
2013-08-15,12.9,12.94,12.74,12.81,11.217918,3644500
2013-08-16,12.78,12.78,12.55,12.66,11.086559,2733000
2013-08-19,12.59,12.64,12.38,12.49,10.937689,4464800
2013-08-20,12.53,12.72,12.39,12.69,11.112833,3770200
2013-08-21,12.65,12.72,12.52,12.62,11.051534,3547300
2013-08-22,12.65,12.94,12.6,12.88,11.279218,3461000
2013-08-23,12.95,12.97,12.79,12.91,11.305489999999999,2044600
2013-08-26,12.93,13.06,12.83,12.95,11.340518,5002600
2013-08-27,12.79,12.93,12.71,12.73,11.147861,5698100
2013-08-28,12.72,12.92,12.67,12.86,11.261704,3171600
2013-08-29,12.86,12.96,12.72,12.78,11.191646,1931200
2013-08-30,12.8,12.86,12.65,12.71,11.130348,3229600
2013-09-03,12.87,12.94,12.64,12.7,11.121592,3430600
2013-09-04,12.72,12.75,12.55,12.64,11.069047,2562300
2013-09-05,12.59,12.73,12.59,12.71,11.130348,2394300
2013-09-06,12.75,13.36,12.75,13.09,11.463118,10308800
2013-09-09,13.1,13.32,13.08,13.29,11.638263,4148400
2013-09-10,13.39,13.57,13.35,13.57,11.883462,5811600
2013-09-11,13.58,13.58,13.37,13.43,11.760863,4061700
2013-09-12,13.46,13.49,13.28,13.38,11.717075999999999,3657500
2013-09-13,13.37,13.44,13.23,13.27,11.620747,3764200
2013-09-16,13.4,13.55,13.26,13.35,11.690806,4866500
2013-09-17,13.38,13.46,13.3,13.32,11.664534,5708200
2013-09-18,13.29,13.75,13.21,13.65,11.95352,4670800
2013-09-19,13.7,13.77,13.51,13.59,11.900977000000001,2635900
2013-09-20,13.58,13.6,13.35,13.38,11.717075999999999,4232000
2013-09-23,13.31,13.58,13.31,13.51,11.830917,5136200
2013-09-24,13.53,13.6,13.42,13.52,11.839678,4684200
2013-09-25,13.54,13.66,13.28,13.51,11.830917,3453100
2013-09-26,13.52,13.65,13.49,13.59,11.900977000000001,2705500
2013-09-27,13.56,13.62,13.37,13.47,11.795893,2771300
2013-09-30,13.39,13.43,13.24,13.29,11.638263,3764000
2013-10-01,13.33,13.45,13.26,13.38,11.717075999999999,2272600
2013-10-02,13.35,13.41,13.22,13.35,11.690806,3229400
2013-10-03,13.31,13.34,13.16,13.25,11.603233,2856900
2013-10-04,13.27,13.47,13.2,13.38,11.717075999999999,2664900
2013-10-07,13.29,13.38,13.25,13.29,11.638263,2716200
2013-10-08,13.37,13.58,13.27,13.3,11.647019,3388300
2013-10-09,13.32,13.37,13.19,13.22,11.576962,4135700
2013-10-10,13.31,13.57,13.21,13.55,11.865949,4400200
2013-10-11,13.56,13.73,13.5,13.69,11.988549,2375300
2013-10-14,13.63,13.82,13.46,13.81,12.093636,3896300
2013-10-15,13.74,13.81,13.51,13.54,11.85719,2888200
2013-10-16,13.61,13.8,13.57,13.75,12.041089999999999,3055100
2013-10-17,13.73,14.21,13.68,14.06,12.312564,6067900
2013-10-18,14.1,14.32,14.04,14.21,12.443919000000001,3790200
2013-10-21,14.19,14.37,14.14,14.22,12.452678,3700800
2013-10-22,14.28,14.42,14.25,14.3,12.522736,4098100
2013-10-23,14.26,14.36,14.01,14.05,12.303805,4324600
2013-10-24,14.07,14.19,13.97,14.07,12.321321000000001,3740400
2013-10-25,14.1,14.34,14.03,14.31,12.531493,2466000
2013-10-28,14.31,14.4,14.21,14.35,12.566522,4283000
2013-10-29,14.39,14.46,14.27,14.3,12.522736,2169300
2013-10-30,14.33,14.49,14.13,14.24,12.505173,3010200
2013-10-31,14.22,14.29,13.97,14.09,12.373444000000001,4648600
2013-11-01,14.08,14.17,13.92,13.99,12.285627,5283600
2013-11-04,14.05,14.2,13.94,14.12,12.399788000000001,6881700
2013-11-05,14.04,14.09,13.93,13.96,12.259284,4566600
2013-11-06,13.96,14.09,13.93,14.05,12.338319,3820100
2013-11-07,14.09,14.36,13.62,13.7,12.030957,6617100
2013-11-08,13.74,14.24,13.61,14.21,12.478827,6265800
2013-11-11,14.19,14.56,14.15,14.56,12.786189,6251600
2013-11-12,14.53,14.93,14.51,14.86,13.049638,11397800
2013-11-13,14.78,15.12,14.65,15.11,13.269179999999999,7122300
2013-11-14,15.16,15.25,15.01,15.2,13.348217000000002,7375400
2013-11-15,15.17,15.3,15.01,15.28,13.418470999999998,6125700
2013-11-18,15.28,15.3,14.94,14.96,13.137453,5661700
2013-11-19,14.97,15.03,14.65,14.7,12.909130000000001,7229000
2013-11-20,14.75,14.83,14.57,14.59,12.812533,4933700
2013-11-21,14.7,14.77,14.6,14.63,12.847659,3720300
2013-11-22,14.6,14.73,14.55,14.62,12.838878,3777100
2013-11-25,14.67,14.73,14.5,14.53,12.759839999999999,3494500
2013-11-26,14.5,14.55,14.28,14.43,12.672024,3802300
2013-11-27,14.5,14.55,14.31,14.47,12.70715,3496600
2013-11-29,14.45,14.66,14.4,14.57,12.794967999999999,2144900
2013-12-02,14.57,14.7,14.45,14.47,12.70715,3855900
2013-12-03,14.41,14.89,14.35,14.88,13.067203,7908600
2013-12-04,14.83,15.54,14.73,15.31,13.444817,13164800
2013-12-05,15.26,15.29,14.68,14.74,12.944257,11045800
2013-12-06,14.88,15.14,14.78,15.02,13.190145000000001,7457300
2013-12-09,15.04,15.06,14.67,14.71,12.917912,4751100
2013-12-10,14.69,14.75,14.44,14.49,12.724714,5185500
2013-12-11,14.47,14.57,14.28,14.32,12.575422999999999,5386500
2013-12-12,14.02,14.27,13.77,13.85,12.162685,14114500
2013-12-13,13.53,13.95,13.49,13.68,12.013394,37696900
2013-12-16,13.82,14.11,13.75,13.96,12.259284,9762600
2013-12-17,13.99,14.06,13.84,13.94,12.241721,6803400
2013-12-18,14.05,14.27,13.81,14.21,12.478827,7681100
2013-12-19,14.14,14.24,14.03,14.12,12.399788000000001,5860800
2013-12-20,14.17,14.41,14.14,14.32,12.575422999999999,9718700
2013-12-23,14.37,14.49,14.34,14.39,12.636894999999999,4803000
2013-12-24,14.36,14.53,14.23,14.47,12.70715,1851900
2013-12-26,14.47,14.64,14.45,14.46,12.698371,2892100
2013-12-27,14.51,14.6,14.36,14.45,12.689588,2515100
2013-12-30,14.48,14.52,14.28,14.46,12.698371,4131800
2013-12-31,14.45,14.55,14.39,14.51,12.742278,2330800
2014-01-02,14.51,14.56,14.19,14.27,12.531516,3987200
2014-01-03,14.28,14.35,14.11,14.2,12.470042,4104700
2014-01-06,14.34,14.45,14.13,14.34,12.592989999999999,5067000
2014-01-07,14.36,14.8,14.36,14.59,12.812533,10596900
2014-01-08,14.54,14.61,14.21,14.3,12.557862,6992400
2014-01-09,14.36,14.54,14.27,14.46,12.698371,5359500
2014-01-10,14.5,14.7,14.48,14.53,12.759839999999999,4807700
2014-01-13,14.45,14.51,14.21,14.26,12.522736,4807200
2014-01-14,14.27,14.45,14.18,14.44,12.680805,4268300
2014-01-15,14.45,14.47,14.23,14.3,12.557862,5268500
2014-01-16,14.28,14.37,14.18,14.31,12.566646,4247100
2014-01-17,14.36,14.44,14.27,14.3,12.557862,3437900
2014-01-21,14.46,14.55,14.28,14.43,12.672024,4683800
2014-01-22,14.43,14.59,14.39,14.47,12.70715,3384100
2014-01-23,14.35,14.4,14.06,14.19,12.461263,5266300
2014-01-24,14.13,14.13,13.54,13.72,12.048523,12287800
2014-01-27,13.72,13.75,13.42,13.64,11.978268,8703400
2014-01-28,13.65,13.97,13.62,13.97,12.268064,5337000
2014-01-29,13.8,13.96,13.68,13.75,12.074867,7127300
2014-01-30,13.8,13.97,13.73,13.95,12.295213,3184900
2014-01-31,13.78,14.1,13.71,14.06,12.392164,7542400
2014-02-03,14.06,14.22,13.68,13.71,12.083679,5421100
2014-02-04,13.76,13.89,13.62,13.83,12.189447999999999,4359500
2014-02-05,13.74,13.92,13.58,13.84,12.198259,3564300
2014-02-06,13.85,13.99,13.79,13.96,12.304024,3388800
2014-02-07,14.0,14.1,13.92,14.06,12.392164,3439100
2014-02-10,14.02,14.11,13.82,14.05,12.383349,3095300
2014-02-11,14.05,14.49,14.03,14.33,12.630133,4940400
2014-02-12,14.33,14.36,14.17,14.31,12.612509,4655900
2014-02-13,14.21,14.6,14.2,14.49,12.771154,3640600
2014-02-14,14.44,14.62,14.42,14.62,12.885733,2871900
2014-02-18,14.65,14.94,14.62,14.76,13.009127000000001,4366100
2014-02-19,14.67,14.81,14.36,14.41,12.700644,6897500
2014-02-20,14.37,14.76,14.37,14.52,12.797596,5707300
2014-02-21,14.53,14.78,14.46,14.63,12.894547,4392900
2014-02-24,14.62,14.68,14.23,14.27,12.57725,9062200
2014-02-25,14.26,14.39,14.15,14.29,12.594880999999999,4971900
2014-02-26,14.17,14.37,14.02,14.17,12.489115,9411200
2014-02-27,14.08,14.1,13.74,13.78,12.145378,10288000
2014-02-28,13.8,13.86,13.57,13.65,12.030797,9202800
2014-03-03,13.58,13.94,13.55,13.86,12.215886,7896500
2014-03-04,13.9,14.09,13.88,13.95,12.295213,5669400
2014-03-05,13.91,14.05,13.88,14.04,12.374536,4721700
2014-03-06,14.04,14.14,13.91,13.99,12.330465,5778800
2014-03-07,13.99,14.06,13.86,14.05,12.383349,6189800
2014-03-10,14.03,14.03,13.84,13.84,12.198259,5844300
2014-03-11,13.85,13.87,13.54,13.61,11.995543,5951700
2014-03-12,13.54,13.85,13.53,13.84,12.198259,3456300
2014-03-13,13.84,13.94,13.78,13.84,12.198259,3937800
2014-03-14,13.8,13.98,13.79,13.81,12.171819000000001,3308400
2014-03-17,13.85,13.99,13.79,13.91,12.259953999999999,2971400
2014-03-18,13.94,14.09,13.93,14.02,12.356907000000001,3010500
2014-03-19,14.06,14.12,13.77,13.83,12.189447999999999,4115500
2014-03-20,13.82,14.0,13.7,13.97,12.31284,4092300
2014-03-21,14.13,14.17,13.88,13.89,12.242329,6004500
2014-03-24,13.94,14.03,13.75,13.87,12.224701,4508800
2014-03-25,13.91,13.99,13.84,13.93,12.277585,3997900
2014-03-26,13.97,14.03,13.72,13.73,12.101309,4108700
2014-03-27,13.76,14.06,13.75,14.02,12.356907000000001,4550100
2014-03-28,14.1,14.31,14.07,14.29,12.594880999999999,5875900
2014-03-31,14.4,14.44,14.18,14.28,12.586065,6983300
2014-04-01,14.33,14.38,14.24,14.31,12.612509,4790700
2014-04-02,14.33,14.46,14.22,14.25,12.559626,5591500
2014-04-03,14.29,14.41,14.22,14.25,12.559626,4360000
2014-04-04,14.35,14.64,14.29,14.33,12.630133,7403700
2014-04-07,14.32,14.42,14.18,14.19,12.506742,4951600
2014-04-08,14.17,14.5,14.1,14.38,12.674204,3593100
2014-04-09,14.39,14.5,14.18,14.3,12.603692,8194800
2014-04-10,14.3,14.58,14.29,14.43,12.718272,5899500
2014-04-11,14.38,14.47,14.11,14.15,12.471487,5217900
2014-04-14,14.22,14.38,14.13,14.31,12.612509,3608300
2014-04-15,14.31,14.45,14.14,14.33,12.630133,4484900
2014-04-16,14.41,14.45,14.17,14.35,12.647761000000001,5563500
2014-04-17,14.33,14.45,14.19,14.26,12.568437,2902500
2014-04-21,14.29,14.36,14.09,14.14,12.462672,3692400
2014-04-22,14.14,14.19,14.01,14.14,12.462672,5337800
2014-04-23,14.18,14.39,14.17,14.28,12.586065,3170800
2014-04-24,14.33,14.6,14.27,14.51,12.788783,4101300
2014-04-25,14.51,14.57,14.33,14.44,12.727086,4162700
2014-04-28,14.51,14.54,14.32,14.35,12.647761000000001,6122200
2014-04-29,14.36,14.42,14.11,14.32,12.665451,5542200
2014-04-30,14.33,14.47,14.2,14.45,12.78043,5785000
2014-05-01,14.46,14.77,14.42,14.73,13.028078,4599400
2014-05-02,14.69,14.7,14.3,14.33,12.674294,3412000
2014-05-05,14.29,14.33,14.18,14.29,12.638917,3291900
2014-05-06,14.29,14.35,14.17,14.19,12.550471,4358500
2014-05-07,14.25,14.48,14.22,14.47,12.798119999999999,4398400
2014-05-08,14.0,14.43,13.94,14.08,12.453180999999999,8089100
2014-05-09,14.05,14.26,13.95,14.04,12.417802,4777400
2014-05-12,14.08,14.17,13.95,14.01,12.39127,3575800
2014-05-13,14.06,14.16,14.0,14.09,12.462025,2415200
2014-05-14,14.12,14.31,14.06,14.18,12.541628999999999,3653200
2014-05-15,14.18,14.24,14.08,14.2,12.559316,3564900
2014-05-16,14.22,14.3,14.08,14.22,12.577005999999999,3806000
2014-05-19,14.16,14.2,13.92,14.0,12.382424,4078100
2014-05-20,13.98,14.04,13.77,13.83,12.232066,3368000
2014-05-21,13.84,13.94,13.55,13.58,12.01095,9295700
2014-05-22,13.56,13.76,13.42,13.68,12.099397999999999,10871600
2014-05-23,13.71,13.87,13.58,13.61,12.037484,5683500
2014-05-27,13.8,13.88,13.73,13.77,12.178999000000001,4676500
2014-05-28,13.76,13.91,13.63,13.87,12.267444,4513100
2014-05-29,13.86,13.97,13.8,13.96,12.347045,7454700
2014-05-30,13.94,14.11,13.78,14.1,12.470869,7938400
2014-06-02,14.09,14.18,14.0,14.1,12.470869,3712000
2014-06-03,14.04,14.24,14.01,14.19,12.550471,4228500
2014-06-04,14.21,14.25,13.96,13.97,12.355889999999999,7115400
2014-06-05,14.01,14.36,14.01,14.28,12.630075,6039100
2014-06-06,14.32,14.55,14.31,14.46,12.789276,5089200
2014-06-09,14.48,14.54,14.39,14.39,12.727363,6111500
2014-06-10,14.37,14.46,14.28,14.29,12.638917,4897300
2014-06-11,14.27,14.39,14.18,14.23,12.58585,5185700
2014-06-12,14.25,14.28,14.09,14.17,12.532783,6047700
2014-06-13,14.17,14.33,14.08,14.2,12.559316,4804600
2014-06-16,14.17,14.44,14.15,14.43,12.762742,5347500
2014-06-17,14.39,14.58,14.31,14.56,12.877721000000001,7051900
2014-06-18,14.53,15.04,14.51,15.03,13.293416,8997200
2014-06-19,15.06,15.3,15.06,15.21,13.452620000000001,6715800
2014-06-20,15.27,15.39,15.18,15.26,13.496842000000001,6356500
2014-06-23,15.24,15.32,15.2,15.28,13.514531,4479400
2014-06-24,15.25,15.41,15.16,15.2,13.443775,7075700
2014-06-25,15.19,15.34,15.01,15.32,13.549909,8561900
2014-06-26,15.37,15.57,15.18,15.45,13.664889000000002,7025400
2014-06-27,15.43,15.64,15.41,15.53,13.735648000000001,8856100
2014-06-30,15.5,15.65,15.33,15.55,13.753333999999999,5983200
2014-07-01,15.57,15.64,15.36,15.57,13.771025,5599400
2014-07-02,15.56,15.61,15.35,15.44,13.656045,7359400
2014-07-03,15.37,15.51,15.25,15.46,13.673735,3206100
2014-07-07,15.44,15.55,15.41,15.44,13.656045,6598400
2014-07-08,15.43,15.56,15.37,15.49,13.700267000000002,4499900
2014-07-09,15.53,15.56,15.3,15.38,13.602977,5461600
2014-07-10,15.35,15.56,15.31,15.53,13.735648000000001,3493700
2014-07-11,15.46,15.49,15.32,15.41,13.629513000000001,4120600
2014-07-14,15.46,15.46,15.15,15.19,13.434929,6047000
2014-07-15,15.22,15.31,15.03,15.15,13.399551,4675500
2014-07-16,15.24,15.26,15.1,15.25,13.487998000000001,4559400
2014-07-17,15.23,15.33,15.04,15.07,13.328795000000001,3400600
2014-07-18,15.12,15.23,15.02,15.19,13.434929,3200400
2014-07-21,15.16,15.21,15.0,15.15,13.399551,2544000
2014-07-22,15.24,15.34,15.15,15.22,13.461464999999999,3580400
2014-07-23,15.21,15.23,15.11,15.2,13.443775,2454600
2014-07-24,15.24,15.31,15.09,15.28,13.514531,3098000
2014-07-25,15.22,15.3,15.07,15.09,13.346485000000001,3256300
2014-07-28,15.09,15.28,15.06,15.21,13.452620000000001,3282400
2014-07-29,15.21,15.29,15.09,15.1,13.355329999999999,2436300
2014-07-30,15.06,15.18,14.91,14.99,13.302085,3273400
2014-07-31,14.89,14.99,14.58,14.61,12.964872999999999,3890900
2014-08-01,14.52,14.82,14.46,14.7,13.044741,4026800
2014-08-04,14.68,14.81,14.42,14.81,13.142354999999998,6018000
2014-08-05,14.74,14.81,14.43,14.5,12.867261,4224700
2014-08-06,14.41,14.45,14.24,14.36,12.743024,6789600
2014-08-07,14.01,14.45,14.01,14.39,12.769649000000001,4431200
2014-08-08,14.44,14.75,14.42,14.75,13.08911,4125800
2014-08-11,14.76,14.91,14.54,14.56,12.920505,4825200
2014-08-12,14.56,14.69,14.5,14.59,12.947127,3826900
2014-08-13,14.59,14.79,14.59,14.68,13.026993,3471400
2014-08-14,14.68,14.93,14.68,14.91,13.231094,2037700
2014-08-15,14.94,14.99,14.72,14.81,13.142354999999998,2811900
2014-08-18,14.86,14.99,14.73,14.75,13.08911,2504500
2014-08-19,14.81,14.92,14.75,14.9,13.222219,2418400
2014-08-20,14.85,15.08,14.79,15.05,13.355329999999999,4216100
2014-08-21,15.06,15.21,15.03,15.07,13.373078,2241100
2014-08-22,15.03,15.09,14.88,15.02,13.328709,2929500
2014-08-25,15.12,15.17,14.99,15.16,13.452943,1898400
2014-08-26,15.18,15.18,15.02,15.03,13.337582000000001,2702300
2014-08-27,15.06,15.1,14.97,15.04,13.346457000000001,2335700
2014-08-28,14.99,15.11,14.95,15.1,13.3997,1851500
2014-08-29,15.1,15.2,15.03,15.18,13.470691,1828500
2014-09-02,15.17,15.21,14.87,14.95,13.266589000000002,3803700
2014-09-03,14.96,14.99,14.52,14.56,12.920505,6911300
2014-09-04,14.57,14.71,14.48,14.68,13.026993,4481800
2014-09-05,14.68,14.89,14.62,14.89,13.213346,3000000
2014-09-08,14.84,15.02,14.82,14.94,13.257714000000002,3945100
2014-09-09,14.89,14.9,14.72,14.74,13.080235,3120000
2014-09-10,14.75,14.81,14.45,14.48,12.849511999999999,4106300
2014-09-11,14.48,14.57,14.44,14.52,12.885009,4485200
2014-09-12,14.47,14.55,14.35,14.41,12.787395,3701700
2014-09-15,14.42,14.5,14.33,14.4,12.778522,2658200
2014-09-16,14.4,14.63,14.35,14.57,12.929378,2893700
2014-09-17,14.6,14.67,14.39,14.47,12.840639999999999,2931700
2014-09-18,14.44,14.58,14.39,14.47,12.840639999999999,2682600
2014-09-19,14.56,14.73,14.49,14.7,13.044741,4797600
2014-09-22,14.65,14.68,14.5,14.55,12.911629,2966800
2014-09-23,14.52,14.56,14.42,14.51,12.876134,2833700
2014-09-24,14.51,14.53,14.39,14.46,12.831764,2328300
2014-09-25,14.4,14.47,14.15,14.15,12.556671000000001,3789800
2014-09-26,14.15,14.29,14.1,14.22,12.618792,2715900
2014-09-29,14.15,14.26,14.07,14.21,12.609916,2456800
2014-09-30,14.25,14.34,14.05,14.18,12.583295,3619200
2014-10-01,14.19,14.4,14.13,14.2,12.601042999999999,4295400
2014-10-02,14.2,14.32,13.98,14.14,12.547798,4880200
2014-10-03,14.16,14.2,14.03,14.14,12.547798,3760000
2014-10-06,14.21,14.38,14.18,14.3,12.689782000000001,3192900
2014-10-07,14.25,14.45,14.15,14.24,12.636538,3847000
2014-10-08,14.22,14.32,13.81,14.04,12.459058,7524600
2014-10-09,13.99,14.06,13.42,13.47,11.953244,6476400
2014-10-10,13.52,13.69,13.22,13.25,11.758013,7317800
2014-10-13,13.21,13.42,13.1,13.14,11.6604,5525400
2014-10-14,13.2,13.52,13.13,13.21,11.722517999999999,6423300
2014-10-15,13.06,13.14,12.38,12.84,11.39418,7362500
2014-10-16,12.7,13.1,12.59,12.98,11.518416,8196700
2014-10-17,13.01,13.34,12.94,13.29,11.793509,11090900
2014-10-20,13.3,13.41,13.14,13.36,11.855628999999999,5166900
2014-10-21,13.44,13.59,13.4,13.51,11.988739,4427500
2014-10-22,13.48,13.71,13.45,13.63,12.095226,5524600
2014-10-23,13.83,13.85,13.58,13.59,12.05973,3982500
2014-10-24,13.59,13.76,13.49,13.73,12.183964,4252000
2014-10-27,13.71,13.72,13.33,13.42,11.908872,5125800
2014-10-28,13.43,13.6,13.35,13.6,12.068603,4499500
2014-10-29,13.67,13.69,13.25,13.41,11.899997,4776100
2014-10-30,13.4,13.97,13.39,13.95,12.425522,4384000
2014-10-31,14.07,14.09,13.9,14.07,12.532407000000001,3945700
2014-11-03,14.15,14.25,14.06,14.12,12.576943,4977600
2014-11-04,14.11,14.14,13.69,13.76,12.256286,4371600
2014-11-05,13.89,13.99,13.73,13.95,12.425522,14820700
2014-11-06,13.54,13.54,13.01,13.06,11.632781,11404800
2014-11-07,13.09,13.47,13.04,13.46,11.989071000000001,7497000
2014-11-10,13.42,13.64,13.41,13.63,12.140493,4698900
2014-11-11,13.62,13.65,13.47,13.49,12.015792,5532900
2014-11-12,13.37,13.75,13.26,13.44,11.971254,12079400
2014-11-13,13.48,13.77,13.46,13.69,12.193933,8959100
2014-11-14,13.65,13.68,13.47,13.47,11.997978999999999,5097700
2014-11-17,13.43,13.76,13.34,13.76,12.256286,6114000
2014-11-18,13.75,13.92,13.72,13.74,12.238471,5609900
2014-11-19,13.68,13.92,13.54,13.92,12.398800999999999,5654900
2014-11-20,13.86,13.95,13.82,13.93,12.407707,5420400
2014-11-21,14.07,14.12,13.94,14.1,12.55913,3721700
2014-11-24,14.14,14.18,14.03,14.08,12.541314999999999,4227300
2014-11-25,14.03,14.05,13.85,13.92,12.398800999999999,6541500
2014-11-26,13.9,13.98,13.79,13.82,12.309727,3397000
2014-11-28,13.79,13.9,13.78,13.87,12.354264,2976500
2014-12-01,13.8,13.89,13.65,13.65,12.158306,4832800
2014-12-02,13.51,13.91,13.4,13.84,12.327542,6607800
2014-12-03,13.81,14.0,13.47,13.81,12.300822,10515900
2014-12-04,13.82,13.87,13.61,13.74,12.238471,3588100
2014-12-05,13.62,13.78,13.56,13.68,12.185025999999999,5064700
2014-12-08,13.65,13.74,13.48,13.6,12.11377,7063500
2014-12-09,13.47,13.87,13.47,13.86,12.345357,5716300
2014-12-10,13.83,13.86,13.3,13.36,11.899997,6243700
2014-12-11,13.37,13.47,13.16,13.21,11.766389,5694100
2014-12-12,13.14,13.46,13.1,13.29,11.837649,5028400
2014-12-15,13.7,13.72,12.88,13.01,11.588249000000001,9109000
2014-12-16,13.01,13.29,12.78,12.79,11.392288,8188200
2014-12-17,12.85,13.17,12.85,13.13,11.695132000000001,10045600
2014-12-18,13.25,13.31,13.03,13.21,11.766389,7685200
2014-12-19,13.25,13.6,13.23,13.5,12.024697999999999,8470300
2014-12-22,13.5,13.68,13.38,13.66,12.167212,4936900
2014-12-23,13.72,13.93,13.64,13.65,12.158306,5016900
2014-12-24,13.66,13.85,13.62,13.81,12.300822,2828400
2014-12-26,13.86,14.29,13.86,14.22,12.666014,4221500
2014-12-29,14.22,14.49,14.19,14.37,12.799623,3447400
2014-12-30,14.34,14.36,13.93,14.02,12.487872,4318100
2014-12-31,14.03,14.03,13.75,13.77,12.265195,3758600
2015-01-02,13.86,13.87,13.51,13.7,12.202842,5228700
2015-01-05,13.67,13.7,13.24,13.31,11.855462,5411400
2015-01-06,13.31,13.46,12.95,13.01,11.588249000000001,7171200
2015-01-07,13.11,13.13,12.93,13.03,11.606061,4932000
2015-01-08,13.15,13.37,13.09,13.23,11.784205,6674400
2015-01-09,13.26,13.3,12.87,12.9,11.490267999999999,5302400
2015-01-12,12.87,12.95,12.55,12.88,11.472453,9183300
2015-01-13,12.97,13.18,12.9,13.02,11.597153,6227800
2015-01-14,12.92,13.17,12.82,13.14,11.704039999999999,4677000
2015-01-15,13.15,13.38,13.08,13.1,11.668411,7513500
2015-01-16,13.14,13.39,13.13,13.37,11.908905,6423000
2015-01-20,13.44,13.49,12.93,13.09,11.659506,6653100
2015-01-21,12.97,13.22,12.89,13.2,11.757483,5309500
2015-01-22,13.26,13.31,12.84,12.92,11.508083000000001,4864700
2015-01-23,12.93,13.01,12.68,12.68,11.294309,7662200
2015-01-26,12.67,12.73,12.48,12.73,11.338845,4682200
2015-01-27,12.64,12.79,12.55,12.73,11.338845,3538500
2015-01-28,12.74,12.82,12.3,12.32,10.973649,5554400
2015-01-29,12.28,12.48,12.23,12.44,11.080537,5447100
2015-01-30,12.22,12.44,12.17,12.22,10.972785,6475000
2015-02-02,12.24,12.37,12.18,12.36,11.098495,5405000
2015-02-03,12.35,12.72,12.35,12.48,11.206246,8190100
2015-02-04,12.41,12.69,12.39,12.52,11.242166000000001,5828300
2015-02-05,12.58,12.7,12.51,12.67,11.376857000000001,3305000
2015-02-06,12.6,12.65,12.02,12.07,10.838094,7073000
2015-02-09,12.05,12.16,11.8,11.85,10.640547,7783500
2015-02-10,11.74,12.2,11.53,12.16,10.918909,11226000
2015-02-11,12.05,12.1,11.81,11.93,10.712383,9966500
2015-02-12,12.0,12.04,11.83,11.86,10.649527,4403100
2015-02-13,11.84,12.04,11.73,11.86,10.649527,4336600
2015-02-17,11.85,11.85,11.54,11.64,10.451983,5690200
2015-02-18,11.63,11.89,11.58,11.83,10.622589,5849200
2015-02-19,11.79,11.97,11.77,11.85,10.640547,4350600
2015-02-20,11.86,11.9,11.64,11.89,10.676466,5632400
2015-02-23,11.9,11.97,11.77,11.92,10.703403,3463700
2015-02-24,11.87,12.15,11.85,12.12,10.882989,6940600
2015-02-25,12.11,12.17,11.87,12.0,10.77524,9024400
2015-02-26,12.12,12.74,12.12,12.63,11.340939,11809400
2015-02-27,12.68,13.01,12.57,12.97,11.646238,13541900
2015-03-02,12.91,12.91,12.55,12.65,11.358895,8969000
2015-03-03,12.65,13.02,12.65,13.0,11.673173,9570200
2015-03-04,12.92,13.0,12.71,12.75,11.448691,7057900
2015-03-05,12.78,12.83,12.67,12.7,11.403792999999999,6011000
2015-03-06,12.52,12.68,12.19,12.23,10.981764,7885800
2015-03-09,12.26,12.32,12.12,12.19,10.945847,7395500
2015-03-10,12.12,12.22,12.08,12.12,10.882989,10507900
2015-03-11,12.11,12.17,11.96,12.05,10.820136,7554500
2015-03-12,12.09,12.14,12.01,12.1,10.865032000000001,6946800
2015-03-13,12.04,12.05,11.83,11.92,10.703403,7016800
2015-03-16,12.0,12.13,11.96,12.01,10.784219,5400700
2015-03-17,12.0,12.23,11.99,12.19,10.945847,5414700
2015-03-18,12.23,12.71,12.15,12.64,11.349917,6143000
2015-03-19,12.62,12.72,12.47,12.52,11.242166000000001,4109700
2015-03-20,12.54,12.84,12.49,12.84,11.529506,9076500
2015-03-23,12.83,12.97,12.77,12.88,11.565423,3821100
2015-03-24,12.82,12.98,12.61,12.69,11.394815,4734200
2015-03-25,12.7,12.7,12.37,12.5,11.224207,5064400
2015-03-26,12.47,12.56,12.33,12.46,11.188289,3967500
2015-03-27,12.48,12.63,12.39,12.48,11.206246,3472800
2015-03-30,12.52,12.8,12.48,12.74,11.439712,3694100
2015-03-31,12.74,12.87,12.68,12.85,11.538484,4051300
2015-04-01,12.86,12.95,12.64,12.83,11.520525,5371200
2015-04-02,12.8,12.9,12.71,12.84,11.529506,3860700
2015-04-06,12.86,13.38,12.85,13.33,11.969494000000001,7424500
2015-04-07,13.31,13.31,13.14,13.14,11.798884,3424900
2015-04-08,13.22,13.28,13.04,13.12,11.780928,5015800
2015-04-09,13.08,13.11,12.93,13.05,11.718073,2901000
2015-04-10,13.07,13.21,12.99,13.2,11.852762,2411700
2015-04-13,13.17,13.18,12.97,12.97,11.646238,3576500
2015-04-14,13.02,13.27,12.99,13.27,11.915619,3806000
2015-04-15,13.31,13.41,13.28,13.35,11.987453,4993300
2015-04-16,13.3,13.42,13.2,13.28,11.924597,3877900
2015-04-17,13.17,13.34,13.13,13.16,11.816844999999999,2823200
2015-04-20,13.18,13.4,13.17,13.24,11.88868,2949500
2015-04-21,13.25,13.39,13.0,13.33,11.969494000000001,10480800
2015-04-22,13.42,13.59,13.18,13.56,12.17602,8470900
2015-04-23,13.51,13.62,13.3,13.31,11.951533999999999,4945000
2015-04-24,13.33,13.67,13.27,13.46,12.086226,4989100
2015-04-27,13.54,13.61,13.23,13.25,11.897658999999999,4778000
2015-04-28,13.24,13.39,13.13,13.39,12.02337,3413900
2015-04-29,13.27,13.47,13.12,13.45,12.077247,7989500
2015-04-30,13.42,13.43,13.15,13.25,11.897658999999999,6241600
2015-05-01,13.24,13.3,13.05,13.27,12.006231,3362800
2015-05-04,13.42,13.72,13.31,13.64,12.340994,5057000
2015-05-05,13.6,13.6,13.44,13.48,12.196231,7864900
2015-05-06,13.49,13.52,13.3,13.45,12.169087,6778000
2015-05-07,13.49,13.65,13.38,13.54,12.250518,4461000
2015-05-08,13.72,13.83,13.57,13.66,12.359091000000001,6244500
2015-05-11,13.29,13.84,13.2,13.68,12.377185,6797700
2015-05-12,13.57,13.72,13.36,13.71,12.404326,8164600
2015-05-13,13.48,13.5,13.3,13.36,12.087660000000001,46067600
2015-05-14,13.5,13.59,13.34,13.54,12.250518,9334000
2015-05-15,13.56,13.75,13.49,13.7,12.39528,4707600
2015-05-18,13.66,13.76,13.58,13.74,12.43147,3972100
2015-05-19,13.68,13.68,13.31,13.62,12.322898,7772500
2015-05-20,13.66,13.79,13.6,13.63,12.331945,7149900
2015-05-21,13.62,13.79,13.57,13.78,12.46766,4188200
2015-05-22,13.73,13.79,13.6,13.7,12.39528,4367900
2015-05-26,13.68,13.7,13.37,13.42,12.141945,5193500
2015-05-27,13.63,13.65,13.39,13.44,12.160041,4055900
2015-05-28,13.39,13.47,13.3,13.33,12.060516999999999,3498600
2015-05-29,13.33,13.6,13.29,13.6,12.304803,7450400
2015-06-01,13.59,13.73,13.51,13.64,12.340994,5456900
2015-06-02,13.56,13.57,13.29,13.45,12.169087,5670500
2015-06-03,13.44,13.45,12.9,13.15,11.897658,7423400
2015-06-04,13.08,13.16,13.0,13.02,11.780039,5949000
2015-06-05,13.09,13.24,12.98,13.15,11.897658,8965600
2015-06-08,13.12,13.16,13.02,13.08,11.834325999999999,4512800
2015-06-09,13.07,13.51,13.06,13.51,12.223375,9146200
2015-06-10,13.64,13.65,13.3,13.32,12.05147,5886500
2015-06-11,13.4,13.58,13.32,13.52,12.232421,4962400
2015-06-12,13.48,13.52,13.31,13.35,12.078611,3640200
2015-06-15,13.33,13.48,13.28,13.44,12.160041,5385800
2015-06-16,13.47,13.6,13.33,13.58,12.286707,3959700
2015-06-17,13.61,13.73,13.52,13.67,12.368136,5207500
2015-06-18,13.67,13.88,13.61,13.85,12.530994,5044800
2015-06-19,13.87,13.97,13.77,13.85,12.530994,6009000
2015-06-22,13.89,14.02,13.77,13.94,12.612424,4468300
2015-06-23,13.94,13.97,13.67,13.71,12.404326,5309400
2015-06-24,13.72,13.8,13.54,13.64,12.340994,5063500
2015-06-25,13.64,13.66,13.47,13.53,12.241469,4029100
2015-06-26,13.49,13.53,13.33,13.46,12.178137,5044700
2015-06-29,13.41,13.52,13.15,13.16,11.906707,4530100
2015-06-30,13.21,13.3,13.05,13.26,11.997183999999999,6799700
2015-07-01,13.3,13.36,13.15,13.19,11.933849,4997500
2015-07-02,13.27,13.4,13.16,13.3,12.033373,3617500
2015-07-06,13.24,13.3,13.11,13.2,11.942896000000001,3919700
2015-07-07,13.22,13.34,13.17,13.24,11.979087,8859100
2015-07-08,13.19,13.34,12.78,12.91,11.680515,7149300
2015-07-09,12.99,13.13,12.99,13.01,11.770992,6932200
2015-07-10,13.04,13.16,13.03,13.1,11.852422,6068600
2015-07-13,13.17,13.19,13.02,13.05,11.807184,4851900
2015-07-14,13.05,13.25,13.05,13.12,11.870517,6135600
2015-07-15,13.1,13.19,13.05,13.18,11.924802,6103400
2015-07-16,13.2,13.38,13.14,13.35,12.078611,4576000
2015-07-17,13.35,13.38,13.14,13.21,11.951945,4233400
2015-07-20,13.17,13.17,12.94,13.08,11.834325999999999,5091500
2015-07-21,13.02,13.02,12.87,12.94,11.707659,3617400
2015-07-22,12.9,13.22,12.9,13.17,11.915754,5692200
2015-07-23,13.14,13.2,12.88,12.94,11.707659,4408000
2015-07-24,12.92,12.92,12.68,12.79,11.571943,3495300
2015-07-27,12.73,12.99,12.69,12.93,11.69861,5414800
2015-07-28,12.93,13.01,12.71,12.77,11.553846,5980600
2015-07-29,12.8,12.84,12.7,12.83,11.608134,6472300
2015-07-30,12.75,12.85,12.66,12.69,11.571659,4720300
2015-07-31,12.81,12.96,12.76,12.8,11.671965,4256500
2015-08-03,12.82,12.94,12.66,12.73,11.608134,3023700
2015-08-04,12.71,12.83,12.53,12.56,11.453114999999999,2903500
2015-08-05,12.61,12.78,12.56,12.59,11.480474000000001,2677200
2015-08-06,12.58,12.63,12.34,12.6,11.489593,5253400
2015-08-07,12.64,12.79,12.58,12.64,11.526067,4149100
2015-08-10,12.58,12.78,12.51,12.68,11.56254,3423100
2015-08-11,12.65,12.8,12.27,12.35,11.261624000000001,5909400
2015-08-12,12.33,13.1,12.33,13.06,11.909053,7759600
2015-08-13,13.01,13.21,12.63,12.66,11.544300999999999,5960000
2015-08-14,12.62,12.86,12.6,12.81,11.681085000000001,3262300
2015-08-17,12.8,12.99,12.67,12.87,11.735797999999999,4593400
2015-08-18,12.85,12.87,12.75,12.82,11.690203,3080100
2015-08-19,12.73,12.75,12.45,12.54,11.434878999999999,4928900
2015-08-20,12.41,12.61,12.29,12.31,11.225147999999999,5791500
2015-08-21,12.16,12.33,11.92,12.0,10.942468,5420800
2015-08-24,11.27,11.73,11.15,11.53,10.513886,16765000
2015-08-25,11.79,11.9,11.33,11.34,10.340631,9287700
2015-08-26,11.56,11.68,11.4,11.65,10.623313000000001,8578600
2015-08-27,11.76,11.91,11.65,11.87,10.823924,8194900
2015-08-28,11.86,12.14,11.81,12.1,11.033655,4923800
2015-08-31,12.03,12.07,11.82,12.0,10.942468,6398500
2015-09-01,11.78,11.8,11.34,11.44,10.431818,6132200
2015-09-02,11.6,11.63,11.22,11.32,10.322395,5959000
2015-09-03,11.35,11.51,11.25,11.44,10.431818,6344100
2015-09-04,11.32,11.32,11.0,11.03,10.05795,4799600
2015-09-08,11.24,11.36,11.09,11.32,10.322395,7716800
2015-09-09,11.39,11.56,11.27,11.3,10.304155999999999,5730900
2015-09-10,11.23,11.47,11.21,11.24,10.249444,6734000
2015-09-11,11.2,11.24,11.05,11.13,10.149139,3949800
2015-09-14,11.12,11.25,10.99,11.07,10.094425,5485900
2015-09-15,11.11,11.17,10.99,11.12,10.14002,5515200
2015-09-16,11.15,11.2,11.1,11.18,10.194733,7226200
2015-09-17,11.18,11.38,11.06,11.17,10.185614999999999,6194500
2015-09-18,11.05,11.12,10.88,10.94,9.975883,8853200
2015-09-21,11.0,11.09,10.75,10.78,9.829983,5736900
2015-09-22,10.73,10.78,10.43,10.48,9.55642,9721400
2015-09-23,10.5,10.51,10.14,10.14,9.246387,8352600
2015-09-24,10.05,10.08,9.85,10.0,9.118723,10031700
2015-09-25,10.08,10.16,9.91,9.96,9.082249000000001,8741400
2015-09-28,9.92,10.05,9.79,9.81,8.945466999999999,6557900
2015-09-29,9.81,9.86,9.42,9.46,8.626311999999999,7961200
2015-09-30,9.53,9.82,9.47,9.79,8.927228999999999,11230200
2015-10-01,9.86,10.0,9.72,9.89,9.018416,8680300
2015-10-02,9.81,10.09,9.79,10.09,9.200792,5792100
2015-10-05,10.15,10.41,10.14,10.27,9.364927999999999,6932900
2015-10-06,10.24,10.46,10.15,10.46,9.538183,9134500
2015-10-07,10.55,10.75,10.48,10.53,9.602015,9647600
2015-10-08,10.49,10.8,10.47,10.76,9.811745,5153600
2015-10-09,10.77,10.84,10.65,10.72,9.775271,4889000
2015-10-12,10.73,10.84,10.65,10.71,9.766150999999999,3739100
2015-10-13,10.64,10.85,10.62,10.63,9.693202000000001,6091200
2015-10-14,10.64,10.76,10.56,10.57,9.638491,5219300
2015-10-15,10.62,10.79,10.51,10.78,9.829983,5732500
2015-10-16,10.82,10.82,10.62,10.78,9.829983,4815100
2015-10-19,10.68,10.74,10.52,10.74,9.793509,8835900
2015-10-20,10.69,10.92,10.59,10.88,9.92117,5836500
2015-10-21,10.95,11.07,10.73,10.76,9.811745,4407900
2015-10-22,10.81,11.04,10.75,11.04,10.067071,6531500
2015-10-23,11.08,11.16,10.92,11.05,10.076189,6876400
2015-10-26,10.99,11.05,10.78,10.88,9.92117,5762700
2015-10-27,10.83,10.9,10.75,10.87,9.912052000000001,6140600
2015-10-28,10.88,11.21,10.81,11.12,10.14002,6819300
2015-10-29,10.95,11.07,10.87,11.0,10.121616,4844900
2015-10-30,11.01,11.07,10.92,10.95,10.075610000000001,4194600
2015-11-02,10.98,11.09,10.91,11.02,10.14002,4724800
2015-11-03,10.94,11.03,10.77,10.93,10.057207,8388300
2015-11-04,10.95,11.06,10.79,10.82,9.955991000000001,4923000
2015-11-05,10.48,10.7,9.85,9.88,9.091052000000001,12512200
2015-11-06,9.77,10.23,9.61,10.2,9.385499000000001,8551800
2015-11-09,10.16,10.23,9.81,9.9,9.109454,6001500
2015-11-10,9.96,10.12,9.94,10.07,9.265881,6384600
2015-11-11,10.1,10.13,9.87,10.05,9.247478,3917400
2015-11-12,9.84,10.07,9.73,9.73,8.953031,7210300
2015-11-13,9.76,9.9,9.72,9.8,9.017441,5439800
2015-11-16,9.77,9.9,9.67,9.81,9.026643,5320300
2015-11-17,9.82,9.92,9.5,9.54,8.778203,5588400
2015-11-18,9.57,9.75,9.5,9.73,8.953031,4158500
2015-11-19,9.72,9.76,9.45,9.57,8.805807000000001,5628600
2015-11-20,9.62,9.81,9.58,9.67,8.89782,3592600
2015-11-23,9.67,9.75,9.58,9.66,8.88862,5665400
2015-11-24,9.64,9.94,9.61,9.9,9.109454,5932800
2015-11-25,9.66,9.92,9.66,9.88,9.091052000000001,3414000
2015-11-27,9.89,10.02,9.83,9.99,9.192267999999999,3529100
2015-11-30,10.0,10.08,9.98,9.99,9.192267999999999,5934700
2015-12-01,10.02,10.09,9.92,9.98,9.183065,5685100
2015-12-02,9.99,10.0,9.6,9.6,8.83341,6522100
2015-12-03,9.56,9.75,9.5,9.52,8.7598,8198300
2015-12-04,9.52,9.6,9.3,9.32,8.575771000000001,7114600
2015-12-07,9.26,9.3,8.96,9.21,8.474553,6041600
2015-12-08,9.11,9.27,9.07,9.2,8.465352000000001,5166400
2015-12-09,9.19,9.43,9.15,9.26,8.520561,4657500
2015-12-10,9.26,9.35,9.16,9.28,8.538965,3841400
2015-12-11,9.17,9.2,8.96,8.97,8.253718,5028900
2015-12-14,9.05,9.15,8.76,8.83,8.124898,8131500
2015-12-15,8.9,9.36,8.89,9.25,8.511358999999999,9588900
2015-12-16,9.29,9.39,9.13,9.37,8.621775999999999,6392500
2015-12-17,9.37,9.5,9.16,9.2,8.465352000000001,5173700
2015-12-18,9.17,9.18,8.94,9.06,8.336533,10816500
2015-12-21,9.08,9.28,9.01,9.16,8.428548,6410900
2015-12-22,9.19,9.31,9.14,9.29,8.548165,5055300
2015-12-23,9.32,9.58,9.31,9.54,8.778203,4075600
2015-12-24,9.53,9.65,9.52,9.58,8.815008,1518200
2015-12-28,9.56,9.63,9.39,9.46,8.704591,3727800
2015-12-29,9.55,9.64,9.47,9.61,8.842611,3064000
2015-12-30,9.61,9.66,9.5,9.5,8.741396,3101100
2015-12-31,9.5,9.73,9.37,9.57,8.805807000000001,5060200
2016-01-04,9.44,9.48,9.22,9.43,8.676986999999999,4813500
2016-01-05,9.47,9.59,9.28,9.56,8.796606,4393800
2016-01-06,9.4,9.48,9.2,9.23,8.492956,4588100
2016-01-07,9.09,9.2,8.99,9.0,8.281322,7402900
2016-01-08,9.01,9.2,8.78,9.13,8.400942,8175600
2016-01-11,9.12,9.22,8.81,9.03,8.308928,7347400
2016-01-12,9.1,9.11,8.68,8.75,8.051285,6157100
2016-01-13,8.8,9.08,8.57,8.64,7.950069999999999,8486900
2016-01-14,8.66,8.89,8.51,8.85,8.143301,10538000
2016-01-15,8.63,8.65,8.32,8.54,7.8580559999999995,8596100
2016-01-19,8.64,8.82,8.43,8.72,8.023683,8836700
2016-01-20,8.6,8.7,8.22,8.62,7.931665,9920300
2016-01-21,8.64,9.27,8.59,9.11,8.382539,10491700
2016-01-22,9.28,9.39,9.07,9.17,8.437748,5393900
2016-01-25,9.13,9.19,8.74,8.74,8.042084,7285300
2016-01-26,8.81,9.1,8.77,9.04,8.318128999999999,4369900
2016-01-27,9.04,9.21,8.96,9.08,8.354934,4714200
2016-01-28,9.22,9.34,9.09,9.16,8.428548,5352200
2016-01-29,9.12,9.51,9.11,9.5,8.847646000000001,11456200
2016-02-01,9.47,9.54,9.3,9.46,8.810392,6064600
2016-02-02,9.36,9.49,9.27,9.29,8.652066,7765200
2016-02-03,9.41,9.79,9.36,9.75,9.08048,9212100
2016-02-04,9.7,10.11,9.7,9.8,9.127044999999999,8181700
2016-02-05,9.54,9.97,9.54,9.75,9.08048,8137700
2016-02-08,9.68,9.71,9.32,9.44,8.791765,6015300
2016-02-09,9.33,9.64,9.2,9.51,8.856958,5318800
2016-02-10,9.5,9.62,9.25,9.53,8.875584,4248700
2016-02-11,9.38,9.4,8.97,9.0,8.38198,8645900
2016-02-12,9.01,9.19,8.88,9.17,8.540305,6144600
2016-02-16,9.28,9.46,9.2,9.38,8.735885000000001,4704600
2016-02-17,9.44,9.74,9.38,9.62,8.959404,6398100
2016-02-18,9.64,9.76,9.5,9.7,9.033911,4311100
2016-02-19,9.64,9.64,9.34,9.41,8.763825,4271100
2016-02-22,9.66,9.8,9.53,9.79,9.117731,4768200
2016-02-23,9.71,9.79,9.51,9.58,8.922151,4175100
2016-02-24,9.5,10.14,9.32,10.03,9.34125,7188700
2016-02-25,10.03,10.08,9.52,9.97,9.285372,6824300
2016-02-26,10.01,10.14,9.8,9.87,9.192236999999999,4623500
2016-02-29,9.85,9.97,9.78,9.8,9.127044999999999,4281200
2016-03-01,9.83,10.17,9.76,10.12,9.42507,5069600
2016-03-02,10.06,10.29,9.94,10.28,9.574084,4193600
2016-03-03,10.29,10.46,10.09,10.45,9.732409,4890200
2016-03-04,10.43,10.82,10.27,10.79,10.049063,6368500
2016-03-07,10.74,10.99,10.68,10.89,10.142196,6156000
2016-03-08,10.85,10.87,10.58,10.62,9.890736,6293500
2016-03-09,10.69,10.79,10.47,10.5,9.778976,9489500
2016-03-10,10.5,10.81,10.43,10.81,10.067689,4152600
2016-03-11,10.94,11.01,10.83,10.91,10.160821,4683300
2016-03-14,10.87,11.01,10.81,10.96,10.20739,4162000
2016-03-15,10.89,11.0,10.85,10.97,10.216702,6634000
2016-03-16,10.93,11.41,10.91,11.39,10.607861,8630500
2016-03-17,11.37,11.57,11.28,11.53,10.738247,6899200
2016-03-18,11.53,11.7,11.53,11.62,10.822067,8059800
2016-03-21,11.6,11.64,11.51,11.54,10.74756,6269900
2016-03-22,11.5,11.65,11.4,11.54,10.74756,6774400
2016-03-23,11.58,11.58,11.28,11.3,10.524041,5362000
2016-03-24,11.24,11.58,11.16,11.57,10.7755,7712200
2016-03-28,11.61,11.63,11.41,11.41,10.626488,6335000
2016-03-29,11.39,11.66,11.35,11.65,10.850007000000002,4590300
2016-03-30,11.73,11.78,11.6,11.62,10.822067,3254400
2016-03-31,11.62,11.8,11.57,11.8,10.989707000000001,5656000
2016-04-01,11.68,11.69,11.41,11.57,10.7755,8260700
2016-04-04,11.56,11.66,11.31,11.36,10.57992,5432700
2016-04-05,11.27,11.32,11.06,11.07,10.309835000000001,9099700
2016-04-06,11.07,11.12,10.94,11.08,10.319147000000001,6759900
2016-04-07,10.97,11.17,10.79,10.86,10.114255,7210500
2016-04-08,10.91,11.16,10.91,10.96,10.20739,4505400
2016-04-11,11.01,11.14,10.96,11.02,10.263268,4628500
2016-04-12,11.06,11.19,11.01,11.16,10.393655,3964300
2016-04-13,11.22,11.29,11.1,11.23,10.458847,4542900
2016-04-14,11.22,11.34,11.2,11.24,10.468162,2507800
2016-04-15,11.23,11.33,11.21,11.25,10.477475,3402300
2016-04-18,11.25,11.36,11.06,11.31,10.533355,3196900
2016-04-19,11.37,11.54,11.36,11.5,10.710307,3985300
2016-04-20,11.5,11.53,11.25,11.27,10.496101,2991400
2016-04-21,11.27,11.34,11.06,11.11,10.347088000000001,3405600
2016-04-22,11.15,11.31,11.07,11.18,10.412282000000001,2706900
2016-04-25,11.17,11.21,10.99,11.0,10.244641,3372000
2016-04-26,11.02,11.21,11.02,11.21,10.440221000000001,3576900
2016-04-27,11.24,11.48,11.13,11.38,10.598549,3914800
2016-04-28,11.2,11.31,11.06,11.12,10.457484,4888700
2016-04-29,11.12,11.17,10.92,11.16,10.495102000000001,4691900
2016-05-02,11.15,11.37,11.12,11.3,10.62676,3722700
2016-05-03,11.2,11.24,10.95,11.13,10.466889,4572100
2016-05-04,11.08,11.22,11.03,11.16,10.495102000000001,4180300
2016-05-05,11.24,11.27,11.01,11.07,10.410461999999999,3350200
2016-05-06,11.03,11.11,10.95,11.08,10.419867,3152900
2016-05-09,10.95,11.24,10.8,11.16,10.495102000000001,4775400
2016-05-10,11.2,11.49,11.13,11.45,10.767823,3419000
2016-05-11,11.41,11.47,11.24,11.32,10.645569,4283700
2016-05-12,11.39,11.44,11.21,11.27,10.598549,3482300
2016-05-13,11.23,11.26,11.07,11.16,10.495102000000001,3384800
2016-05-16,11.18,11.24,11.1,11.11,10.448081,3072800
2016-05-17,11.08,11.15,10.94,11.02,10.363444,3695600
2016-05-18,10.97,11.08,10.68,10.73,10.090719,4434000
2016-05-19,10.65,10.77,10.49,10.74,10.100123,7749600
2016-05-20,10.76,10.9,10.73,10.89,10.241188000000001,2864700
2016-05-23,10.86,10.89,10.73,10.74,10.100123,2852100
2016-05-24,10.82,10.94,10.76,10.91,10.259995,3485800
2016-05-25,10.89,11.07,10.82,10.97,10.316422,3651800
2016-05-26,10.99,11.03,10.88,10.89,10.241188000000001,4919800
2016-05-27,10.9,11.13,10.89,11.11,10.448081,3013800
2016-05-31,11.12,11.23,10.99,11.09,10.429273,6156100
2016-06-01,11.04,11.07,10.91,10.94,10.288208000000001,4592200
2016-06-02,10.9,11.01,10.79,10.84,10.194167,5447600
2016-06-03,10.93,11.3,10.86,11.22,10.551527,7127800
2016-06-06,11.24,11.44,11.22,11.39,10.711399,3685300
2016-06-07,11.39,11.55,11.36,11.51,10.824249,4208700
2016-06-08,11.55,11.55,11.38,11.43,10.749015,4651400
2016-06-09,11.37,11.46,11.22,11.44,10.758419,3313900
2016-06-10,11.31,11.39,11.16,11.2,10.532718,4540200
2016-06-13,11.17,11.23,11.12,11.17,10.504505,3823100
2016-06-14,11.14,11.17,11.01,11.12,10.457484,3944000
2016-06-15,11.12,11.21,11.02,11.06,10.401060000000001,4433200
2016-06-16,11.0,11.27,10.91,11.26,10.589144000000001,4554000
2016-06-17,11.29,11.62,11.27,11.61,10.918291,7971200
2016-06-20,11.71,11.91,11.68,11.85,11.143991,7611300
2016-06-21,11.87,12.08,11.79,12.01,11.294461,6218900
2016-06-22,12.03,12.06,11.94,11.99,11.27565,5205700
2016-06-23,12.07,12.14,12.01,12.1,11.379097,3924900
2016-06-24,11.85,12.0,11.63,11.89,11.181608,8944300
2016-06-27,11.73,11.74,11.29,11.41,10.730205999999999,10444200
2016-06-28,11.49,11.8,11.32,11.79,11.087567,8064500
2016-06-29,11.9,12.09,11.85,12.03,11.313267,6747200
2016-06-30,12.08,12.48,12.0,12.48,11.736457000000001,10361000
2016-07-01,12.48,12.53,12.25,12.33,11.595394,4320900
2016-07-05,12.25,12.29,12.05,12.2,11.473139,5444400
2016-07-06,12.13,12.25,12.03,12.23,11.50135,4760600
2016-07-07,12.21,12.26,12.0,12.1,11.379097,4831200
2016-07-08,12.15,12.32,12.03,12.32,11.585989999999999,4182400
2016-07-11,12.32,12.56,12.24,12.55,11.802287,3808100
2016-07-12,12.57,12.68,12.47,12.48,11.736457000000001,3396100
2016-07-13,12.57,12.64,12.4,12.63,11.877519,5046500
2016-07-14,12.64,12.68,12.44,12.52,11.774075,2987500
2016-07-15,12.55,12.68,12.52,12.63,11.877519,3748800
2016-07-18,12.63,12.63,12.51,12.57,11.821096,2273700
2016-07-19,12.5,12.52,12.35,12.51,11.764669999999999,3343400
2016-07-20,12.5,12.58,12.39,12.56,11.811691,3038500
2016-07-21,12.55,12.61,12.47,12.59,11.839903,3530300
2016-07-22,12.58,12.68,12.52,12.65,11.896329,2738400
2016-07-25,12.64,12.72,12.61,12.67,11.915138,3189100
2016-07-26,12.66,12.68,12.54,12.61,11.858711999999999,3532400
2016-07-27,12.62,12.66,12.26,12.37,11.633011,4187900
2016-07-28,12.24,12.3,12.1,12.25,11.623522999999999,2244000
2016-07-29,12.22,12.4,12.13,12.35,11.71841,5621400
2016-08-01,12.33,12.37,12.13,12.17,11.547613,4826500
2016-08-02,12.14,12.23,12.07,12.18,11.557103,4365300
2016-08-03,12.21,12.59,12.14,12.4,11.76585,4452700
2016-08-04,12.38,12.44,12.21,12.41,11.775339,3846300
2016-08-05,12.44,12.52,12.1,12.23,11.604546000000001,6722800
2016-08-08,12.28,12.32,12.14,12.18,11.557103,3218200
2016-08-09,12.18,12.25,12.03,12.07,11.452727000000001,3806000
2016-08-10,12.05,12.19,12.05,12.18,11.557103,3237300
2016-08-11,12.19,12.24,12.11,12.24,11.614034,3334200
2016-08-12,12.24,12.37,12.2,12.22,11.595056,3451800
2016-08-15,12.24,12.33,12.09,12.09,11.471706,3011700
2016-08-16,12.01,12.08,11.95,12.0,11.386307,5935000
2016-08-17,12.0,12.31,11.89,12.28,11.651988000000001,6745100
2016-08-18,12.27,12.5,12.24,12.5,11.860738000000001,5215500
2016-08-19,12.4,12.41,12.16,12.22,11.595056,4115600
2016-08-22,12.22,12.32,12.16,12.29,11.661475999999999,2751100
2016-08-23,12.35,12.4,12.17,12.18,11.557103,4733300
2016-08-24,12.17,12.18,12.04,12.08,11.462216,2799600
2016-08-25,12.09,12.16,12.02,12.11,11.490682000000001,2631900
2016-08-26,12.16,12.31,11.96,12.02,11.405286,5161400
2016-08-29,12.07,12.23,12.02,12.15,11.528637,2802400
2016-08-30,12.15,12.18,11.99,12.02,11.405286,3245700
2016-08-31,12.0,12.08,11.92,12.07,11.452727000000001,6618500
2016-09-01,12.07,12.09,11.85,12.01,11.395797,5600300
2016-09-02,12.04,12.26,12.04,12.23,11.604546000000001,3539000
2016-09-06,12.3,12.85,12.25,12.84,12.18335,7370500
2016-09-07,12.85,13.08,12.8,13.03,12.363632,8097200
2016-09-08,13.0,13.03,12.88,12.95,12.287724,6264000
2016-09-09,12.79,12.82,12.32,12.33,11.69943,4979800
2016-09-12,12.28,12.65,12.24,12.59,11.946135,6041500
2016-09-13,12.49,12.54,12.3,12.39,11.756364,5888300
2016-09-14,12.42,12.58,12.26,12.32,11.689943,5306100
2016-09-15,12.27,12.62,12.22,12.55,11.90818,5503800
2016-09-16,12.48,12.57,12.35,12.54,11.898691,5634700
2016-09-19,12.59,12.73,12.52,12.7,12.050508,3379800
2016-09-20,12.74,12.84,12.67,12.78,12.126418,4173300
2016-09-21,12.81,13.11,12.78,13.1,12.430053,5100900
2016-09-22,13.17,13.22,13.0,13.19,12.51545,3388900
2016-09-23,13.13,13.32,13.1,13.26,12.581871000000001,3955800
2016-09-26,13.23,13.27,13.1,13.12,12.44903,2636100
2016-09-27,13.1,13.14,12.87,13.08,12.411076,4674100
2016-09-28,13.13,13.17,12.96,13.15,12.477495,5722200
2016-09-29,13.14,13.14,12.8,12.9,12.240281,6109400
2016-09-30,12.91,13.01,12.82,12.85,12.192839,5867900
2016-10-03,12.64,12.75,12.21,12.47,11.832272,8951200
2016-10-04,12.38,12.38,11.87,11.95,11.338864,9760200
2016-10-05,12.0,12.06,11.77,11.86,11.253466,14013500
2016-10-06,11.79,11.83,11.6,11.66,11.063696,8281500
2016-10-07,11.73,11.83,11.58,11.59,10.997275,6837800
2016-10-10,11.67,11.77,11.61,11.67,11.073184,4412900
2016-10-11,11.62,11.65,11.45,11.52,10.930856,4010100
2016-10-12,11.54,11.72,11.5,11.67,11.073184,5039800
2016-10-13,11.61,11.85,11.51,11.73,11.130116000000001,5451800
2016-10-14,11.72,11.88,11.55,11.57,10.978297,5647500
2016-10-17,11.6,11.73,11.6,11.71,11.111138,6197700
2016-10-18,11.85,11.95,11.74,11.87,11.262957,5537600
2016-10-19,11.9,12.16,11.88,12.12,11.500171,5088000
2016-10-20,12.15,12.26,12.04,12.05,11.43375,4042400
2016-10-21,11.94,12.08,11.87,12.02,11.405286,4317500
2016-10-24,12.11,12.14,11.97,12.05,11.43375,3445800
2016-10-25,12.01,12.08,11.91,12.02,11.405286,3173300
2016-10-26,11.98,12.04,11.88,12.0,11.386307,3757900
2016-10-27,12.0,12.05,11.76,11.82,11.215512,4578700
2016-10-28,11.72,11.82,11.59,11.65,11.158047,6259500
2016-10-31,11.7,11.93,11.69,11.77,11.27298,5699900
2016-11-01,11.77,11.81,11.6,11.65,11.158047,5119600
2016-11-02,11.59,11.59,11.25,11.46,10.97607,9286400
2016-11-03,11.46,11.84,11.44,11.75,11.253822999999999,6656200
2016-11-04,11.52,12.47,11.25,12.11,11.598621000000001,10314500
2016-11-07,12.27,12.43,12.21,12.41,11.885953,6915200
2016-11-08,12.44,12.48,12.29,12.43,11.905108,4824800
2016-11-09,12.3,12.3,11.91,12.01,11.502844999999999,6599000
2016-11-10,11.98,12.02,11.41,11.47,10.985648,6489300
2016-11-11,11.53,11.57,11.13,11.26,10.784514999999999,5538900
2016-11-14,11.19,11.25,11.08,11.22,10.746205,10625000
2016-11-15,11.27,11.56,11.27,11.54,11.052691000000001,6126400
2016-11-16,11.5,11.53,11.25,11.35,10.870714999999999,4204900
2016-11-17,11.35,11.51,11.31,11.43,10.947337,3140300
2016-11-18,11.42,11.67,11.38,11.4,10.918603,6746800
2016-11-21,11.45,11.62,11.37,11.55,11.062269,4347700
2016-11-22,11.42,11.5,11.32,11.41,10.928181,5732300
2016-11-23,11.29,11.44,11.25,11.34,10.861137,5093300
2016-11-25,11.34,11.64,11.34,11.63,11.138891000000001,2851400
2016-11-28,11.72,11.97,11.72,11.94,11.435801,5435400
2016-11-29,11.88,12.01,11.85,11.88,11.378335,6530500
2016-11-30,11.73,11.79,11.45,11.45,10.966491,5507100
2016-12-01,11.36,11.46,10.98,11.03,10.564228,5479300
2016-12-02,11.09,11.3,11.06,11.18,10.707892999999999,5521000
2016-12-05,11.16,11.39,11.07,11.34,10.861137,6499200
2016-12-06,11.39,11.46,11.3,11.33,10.851560000000001,4712400
2016-12-07,11.39,11.64,11.35,11.62,11.129313,5863300
2016-12-08,11.57,11.92,11.51,11.84,11.340025,4463500
2016-12-09,11.85,11.96,11.7,11.92,11.416646,4492100
2016-12-12,11.88,12.04,11.85,12.01,11.502844999999999,4652900
2016-12-13,12.09,12.22,12.06,12.19,11.675243,5258400
2016-12-14,12.27,12.47,11.92,11.94,11.435801,6920800
2016-12-15,11.88,11.94,11.73,11.8,11.301713000000001,4545200
2016-12-16,11.81,11.92,11.66,11.75,11.253822999999999,10416300
2016-12-19,11.84,11.94,11.68,11.84,11.340025,5199600
2016-12-20,11.83,12.01,11.82,11.94,11.435801,3419800
2016-12-21,11.94,12.1,11.91,11.98,11.474111,4125600
2016-12-22,11.9,11.97,11.76,11.78,11.282557,3311000
2016-12-23,11.83,11.84,11.68,11.73,11.234669,3593100
2016-12-27,11.74,11.89,11.7,11.86,11.359179,2355000
2016-12-28,11.88,11.92,11.63,11.64,11.148469,2588500
2016-12-29,11.75,11.76,11.65,11.7,11.205935,2364000
2016-12-30,11.73,11.79,11.59,11.62,11.129313,3245200
2017-01-03,11.67,11.7,11.55,11.66,11.167624,5020400
2017-01-04,11.54,11.75,11.52,11.56,11.071847,5282600
2017-01-05,11.52,11.6,11.26,11.41,10.928181,8106400
2017-01-06,11.4,11.85,11.39,11.82,11.320867999999999,4164800
2017-01-09,11.87,11.9,11.52,11.53,11.043115,3761100
2017-01-10,11.54,11.58,11.29,11.33,10.851560000000001,6459800
2017-01-11,11.33,11.78,11.33,11.77,11.27298,7781400
2017-01-12,11.78,11.84,11.58,11.58,11.091002,4953900
2017-01-13,11.61,11.74,11.57,11.72,11.225092,2741300
2017-01-17,11.8,12.04,11.76,11.91,11.407067,4100100
2017-01-18,11.94,12.06,11.87,11.93,11.426223,4558500
2017-01-19,11.89,11.95,11.7,11.73,11.234669,3298900
2017-01-20,11.75,11.84,11.35,11.41,10.928181,7689900
2017-01-23,11.42,11.46,11.19,11.22,10.746205,8791900
2017-01-24,11.25,11.64,11.25,11.37,10.88987,7539200
2017-01-25,11.37,11.49,11.35,11.37,10.88987,10297000
2017-01-26,11.41,11.53,11.2,11.22,10.746205,8797300
2017-01-27,11.3,11.47,11.24,11.4,10.918603,7487100
2017-01-30,11.29,11.34,11.15,11.21,10.850846,4700400
2017-01-31,11.26,11.63,11.26,11.44,11.073477,9192100
2017-02-01,11.4,11.44,11.13,11.24,10.879886,6091600
2017-02-02,11.27,11.36,11.16,11.32,10.957322,3232800
2017-02-03,11.38,11.44,11.28,11.37,11.00572,3321100
2017-02-06,11.39,11.39,11.23,11.29,10.928283,4308600
2017-02-07,11.3,11.54,11.3,11.43,11.063799000000001,5680200
2017-02-08,11.43,11.59,11.39,11.59,11.218672,4002000
2017-02-09,11.56,11.63,11.41,11.47,11.102516,4258300
2017-02-10,11.47,11.62,11.45,11.61,11.23803,3692300
2017-02-13,11.64,11.73,11.55,11.68,11.305786999999999,2045000
2017-02-14,11.65,11.66,11.42,11.49,11.121875,3680400
2017-02-15,11.38,11.59,11.35,11.56,11.189633,3350700
2017-02-16,11.62,11.7,11.51,11.65,11.276749,5787500
2017-02-17,11.64,11.64,11.25,11.46,11.092837,6336800
2017-02-21,11.46,11.85,11.39,11.78,11.402584,4089900
2017-02-22,11.78,11.83,11.59,11.6,11.228352000000001,5081300
2017-02-23,11.69,11.78,11.63,11.75,11.373546000000001,5074900
2017-02-24,11.77,11.93,11.68,11.93,11.547778,6329300
2017-02-27,11.71,11.74,11.1,11.14,10.783089,12986600
2017-02-28,11.26,11.6,11.14,11.52,11.150914,10598700
2017-03-01,11.38,11.5,11.31,11.35,10.986362,6811800
2017-03-02,11.3,11.68,11.27,11.63,11.25739,6778200
2017-03-03,11.64,11.65,11.38,11.55,11.179953,6001500
2017-03-06,11.55,11.61,11.48,11.52,11.150914,6884600
2017-03-07,11.55,11.6,11.31,11.33,10.967001,5982500
2017-03-08,11.25,11.31,11.06,11.07,10.715330999999999,4542600
2017-03-09,11.05,11.19,11.04,11.06,10.705652,5151400
2017-03-10,11.1,11.2,11.05,11.15,10.792767999999999,4206300
2017-03-13,11.17,11.21,11.01,11.02,10.666934,3492900
2017-03-14,11.02,11.08,10.93,11.0,10.647574,3926600
2017-03-15,11.05,11.4,11.03,11.31,10.947642,3914900
2017-03-16,11.26,11.36,11.22,11.3,10.937963,3925400
2017-03-17,11.36,11.47,11.31,11.46,11.092837,8240900
2017-03-20,11.48,11.48,11.14,11.2,10.841166000000001,2725400
2017-03-21,11.19,11.38,11.12,11.3,10.937963,5866900
2017-03-22,11.34,11.43,11.1,11.15,10.792767999999999,4494400
2017-03-23,11.13,11.34,11.12,11.18,10.821808,3383000
2017-03-24,11.18,11.31,11.17,11.23,10.870205,3479800
2017-03-27,11.26,11.26,11.07,11.13,10.77341,3331500
2017-03-28,11.08,11.32,11.05,11.31,10.947642,3855300
2017-03-29,11.26,11.39,11.19,11.25,10.889565,5728300
2017-03-30,11.24,11.27,11.03,11.08,10.725012,7207900
2017-03-31,11.11,11.27,11.09,11.18,10.821808,13804600
2017-04-03,11.17,11.22,11.06,11.19,10.831487,6425000
2017-04-04,11.19,11.32,11.08,11.27,10.908925,5616500
2017-04-05,11.24,11.31,11.08,11.16,10.802448,9859600
2017-04-06,11.17,11.31,11.14,11.16,10.802448,6020600
2017-04-07,11.18,11.21,11.03,11.04,10.686293,5612100
2017-04-10,11.05,11.19,11.01,11.15,10.792767999999999,7859400
2017-04-11,11.13,11.35,11.03,11.31,10.947642,8621800
2017-04-12,11.29,11.39,11.24,11.37,11.00572,8744600
2017-04-13,11.36,11.41,11.29,11.36,10.996039,5228200
2017-04-17,11.38,11.47,11.34,11.43,11.063799000000001,3405600
2017-04-18,11.4,11.45,11.34,11.41,11.044438000000001,5916000
2017-04-19,11.42,11.45,11.3,11.37,11.00572,5732700
2017-04-20,11.37,11.43,11.25,11.42,11.054117999999999,6281600
2017-04-21,11.38,11.44,11.32,11.38,11.0154,5026200
2017-04-24,11.4,11.6,11.36,11.59,11.218672,6947300
2017-04-25,11.55,11.62,11.52,11.62,11.247711,4193100
2017-04-26,11.6,11.6,11.43,11.45,11.083157,5299000
2017-04-27,11.3,11.45,11.23,11.29,11.044027999999999,12780700
2017-04-28,11.3,11.38,11.21,11.31,11.063593,6133400
2017-05-01,11.31,11.41,11.3,11.31,11.063593,5087700
2017-05-02,11.33,11.34,11.24,11.3,11.053811,3563400
2017-05-03,11.27,11.3,11.18,11.19,10.946207000000001,5099400
2017-05-04,11.17,11.22,11.05,11.09,10.848386,5737900
2017-05-05,11.14,11.33,11.06,11.32,11.073375,3918900
2017-05-08,11.08,11.37,10.95,11.31,11.063593,7730600
2017-05-09,11.26,11.47,11.23,11.34,11.092938,5450400
2017-05-10,11.34,11.7,11.29,11.57,11.317928,7413300
2017-05-11,11.57,11.6,11.45,11.47,11.220107,6102200
2017-05-12,11.5,11.51,11.28,11.33,11.083157,3927700
2017-05-15,11.34,11.45,11.31,11.4,11.151631,3727400
2017-05-16,11.43,11.51,11.31,11.32,11.073375,4295900
2017-05-17,11.32,11.42,11.25,11.33,11.083157,3927700
2017-05-18,11.3,11.33,10.98,11.18,10.936425,6620100
2017-05-19,11.22,11.24,11.08,11.2,10.955989,6100500
2017-05-22,11.17,11.38,11.15,11.36,11.112503,5721900
2017-05-23,11.38,11.55,11.35,11.37,11.122286,3695600
2017-05-24,11.36,11.83,11.36,11.75,11.494006,8910000
2017-05-25,11.71,11.81,11.67,11.78,11.523353,4913100
2017-05-26,11.76,11.85,11.68,11.79,11.533135000000001,2565100
2017-05-30,11.76,11.79,11.68,11.7,11.445096000000001,2884000
2017-05-31,11.73,11.79,11.58,11.68,11.425532,6780000
2017-06-01,11.68,11.95,11.64,11.95,11.689649000000001,4574400
2017-06-02,11.99,12.0,11.82,11.91,11.65052,5061600
2017-06-05,11.87,11.94,11.71,11.71,11.454877999999999,3925400
2017-06-06,11.8,12.0,11.65,11.91,11.65052,7884800
2017-06-07,11.92,11.92,11.55,11.57,11.317928,5520300
2017-06-08,11.57,11.6,11.43,11.56,11.308146,3943800
2017-06-09,11.53,11.72,11.53,11.72,11.464661,2672400
2017-06-12,11.73,11.83,11.72,11.75,11.494006,4502500
2017-06-13,11.71,11.96,11.67,11.93,11.670085,4702600
2017-06-14,11.97,12.05,11.88,11.91,11.65052,4336800
2017-06-15,11.82,12.05,11.76,11.92,11.660303,5362700
2017-06-16,11.94,11.98,11.86,11.92,11.660303,7206400
2017-06-19,11.93,11.97,11.86,11.91,11.65052,2659000
2017-06-20,11.89,11.91,11.78,11.9,11.640738,2305000
2017-06-21,11.93,11.94,11.64,11.67,11.41575,2671000
2017-06-22,11.65,11.7,11.49,11.57,11.317928,4758600
2017-06-23,11.6,11.7,11.5,11.56,11.308146,6861300
2017-06-26,11.63,11.84,11.63,11.68,11.425532,5189400
2017-06-27,11.65,11.72,11.5,11.5,11.249454,4684300
2017-06-28,11.54,11.6,11.27,11.33,11.083157,6527700
2017-06-29,11.25,11.31,11.11,11.16,10.916861,5909300
2017-06-30,11.18,11.25,11.11,11.11,10.867949000000001,4224400
2017-07-03,11.15,11.19,10.96,11.01,10.770128999999999,2754900
2017-07-05,11.0,11.09,10.85,10.87,10.633179,5348800
2017-07-06,10.81,10.83,10.6,10.68,10.447319,5693800
2017-07-07,10.69,10.77,10.63,10.76,10.525576,5535100
2017-07-10,10.85,10.98,10.8,10.94,10.701653,6330200
2017-07-11,10.95,10.99,10.87,10.93,10.691872,4824000
2017-07-12,11.09,11.22,10.99,11.1,10.858169,6016700
2017-07-13,11.12,11.23,11.0,11.02,10.779911,5105400
2017-07-14,11.11,11.15,11.01,11.03,10.789692,4242800
2017-07-17,11.05,11.13,10.97,11.12,10.877730999999999,3358400
2017-07-18,11.12,11.3,11.09,11.24,10.995117,4629800
2017-07-19,11.28,11.34,11.21,11.32,11.073375,3800400
2017-07-20,11.35,11.43,11.26,11.37,11.122286,2791500
2017-07-21,11.38,11.44,11.33,11.42,11.171196,3197300
2017-07-24,11.42,11.45,11.31,11.32,11.073375,2906800
2017-07-25,11.35,11.36,11.22,11.24,10.995117,4625000
2017-07-26,11.24,11.24,11.04,11.16,10.916861,5336200
2017-07-27,11.16,11.24,11.02,11.1,10.858169,5997300
2017-07-28,11.09,11.11,10.96,10.98,10.740782000000001,4831600
2017-07-31,11.0,11.26,10.99,11.18,10.936425,17391400
2017-08-01,11.06,11.23,11.0,11.2,11.074861,6287700
2017-08-02,11.15,11.16,10.92,11.05,10.926537,6518100
2017-08-03,11.14,11.24,11.06,11.12,10.995754,7349200
2017-08-04,11.08,11.16,10.96,11.08,10.956201,3612200
2017-08-07,11.08,11.28,11.07,11.1,10.975978,6061900
2017-08-08,11.01,11.66,11.01,11.38,11.25285,11148400
2017-08-09,11.45,11.45,11.12,11.25,11.124302,7057800
2017-08-10,11.25,11.5,11.18,11.38,11.25285,8965400
2017-08-11,11.34,11.34,11.0,11.1,10.975978,4800000
2017-08-14,11.12,11.15,11.0,11.11,10.985866,4856400
2017-08-15,11.05,11.11,10.94,11.1,10.975978,4525800
2017-08-16,11.13,11.19,11.1,11.18,11.055083999999999,3108500
2017-08-17,11.14,11.23,11.0,11.01,10.886984,3812100
2017-08-18,11.02,11.12,10.99,11.07,10.946313,4446700
2017-08-21,11.1,11.24,11.09,11.23,11.104525,3785300
2017-08-22,11.23,11.38,11.18,11.35,11.223185,4243900
2017-08-23,11.34,11.4,11.25,11.35,11.223185,2914400
2017-08-24,11.36,11.43,11.32,11.4,11.272625,4933600
2017-08-25,11.42,11.52,11.37,11.43,11.302291,2562900
2017-08-28,11.47,11.49,11.13,11.19,11.064972000000001,4903700
2017-08-29,11.19,11.27,11.15,11.17,11.045196,3624400
2017-08-30,11.15,11.2,11.03,11.06,10.936425,4393200
2017-08-31,11.07,11.14,11.03,11.04,10.916648,3913000
2017-09-01,11.08,11.18,11.07,11.12,10.995754,2410600
2017-09-05,11.17,11.17,11.07,11.09,10.966089,2960400
2017-09-06,11.16,11.16,11.02,11.11,10.985866,4235200
2017-09-07,11.13,11.17,11.06,11.15,11.025418,2912200
2017-09-08,11.16,11.24,11.12,11.21,11.084748,3542800
2017-09-11,11.23,11.43,11.22,11.39,11.262737,6470300
2017-09-12,11.38,11.44,11.21,11.24,11.114413,3397500
2017-09-13,11.2,11.34,11.14,11.23,11.104525,4243500
2017-09-14,11.2,11.3,11.14,11.26,11.134191,3676200
2017-09-15,11.24,11.35,11.14,11.35,11.223185,8216400
2017-09-18,11.36,11.39,11.22,11.27,11.144078,3521000
2017-09-19,11.28,11.38,11.27,11.33,11.203407,3943200
2017-09-20,11.39,11.45,11.26,11.28,11.153966,5381600
2017-09-21,11.28,11.34,11.13,11.13,11.005643,3260000
2017-09-22,11.18,11.21,11.08,11.11,10.985866,2554800
2017-09-25,11.13,11.22,11.1,11.21,11.084748,3914100
2017-09-26,11.17,11.28,11.11,11.16,11.035307000000001,5685000
2017-09-27,11.09,11.17,11.06,11.13,11.005643,4690100
2017-09-28,11.09,11.12,11.0,11.08,10.956201,4447500
2017-09-29,11.08,11.12,11.01,11.02,10.896872,5082100
2017-10-02,11.06,11.19,11.06,11.09,10.966089,3142500
2017-10-03,11.1,11.22,11.02,11.19,11.064972000000001,3770100
2017-10-04,11.17,11.29,11.15,11.28,11.153966,2510700
2017-10-05,11.3,11.32,11.21,11.29,11.163855,2846300
2017-10-06,11.24,11.27,11.15,11.19,11.064972000000001,2843900
2017-10-09,11.21,11.29,11.18,11.2,11.074861,2901400
2017-10-10,11.22,11.29,11.18,11.25,11.124302,3666200
2017-10-11,11.2,11.31,11.2,11.27,11.144078,3079500
2017-10-12,11.22,11.26,11.15,11.22,11.094636999999999,2833100
2017-10-13,11.27,11.34,11.23,11.25,11.124302,2038200
2017-10-16,11.23,11.29,11.19,11.27,11.144078,2561000
2017-10-17,11.24,11.25,11.18,11.19,11.064972000000001,3623700
2017-10-18,11.15,11.2,11.11,11.13,11.005643,3153200
2017-10-19,11.13,11.29,11.07,11.29,11.163855,2997300
2017-10-20,11.3,11.31,11.08,11.13,11.005643,3792600
2017-10-23,11.13,11.16,11.05,11.13,11.005643,4139800
2017-10-24,11.15,11.17,10.95,10.99,10.867207,3787500
2017-10-25,10.97,11.0,10.69,10.9,10.778212,7459600
2017-10-26,10.97,11.03,10.75,10.86,10.738659,4660100
2017-10-27,10.82,10.84,10.72,10.78,10.659553,4910700
2017-10-30,10.79,10.81,10.63,10.74,10.62,5087200
2017-10-31,10.62,10.74,10.49,10.63,10.63,7255300
2017-11-01,10.59,10.66,10.55,10.57,10.57,7046900
2017-11-02,10.62,10.93,10.46,10.79,10.79,6642800
2017-11-03,10.72,10.77,10.47,10.49,10.49,6025700
2017-11-06,10.49,10.54,10.34,10.35,10.35,5259600
2017-11-07,10.35,10.55,10.31,10.51,10.51,6848200
2017-11-08,10.5,10.55,10.42,10.51,10.51,4696600
2017-11-09,10.44,10.52,10.28,10.3,10.3,6323600
2017-11-10,10.25,10.29,10.0,10.23,10.23,26490500
2017-11-13,10.66,10.84,10.44,10.82,10.82,8512700
2017-11-14,10.84,10.97,10.74,10.84,10.84,9935600
2017-11-15,10.81,10.9,10.78,10.87,10.87,6803000
2017-11-16,10.91,10.92,10.73,10.77,10.77,5917000
2017-11-17,10.77,10.79,10.6,10.61,10.61,7575000
2017-11-20,10.62,10.68,10.51,10.6,10.6,5426600
2017-11-21,10.65,10.68,10.58,10.63,10.63,3741100
2017-11-22,10.59,10.71,10.58,10.68,10.68,3070200
2017-11-24,10.73,10.78,10.68,10.69,10.69,1213200
2017-11-27,10.74,10.76,10.61,10.74,10.74,5929400
2017-11-28,10.74,10.79,10.56,10.57,10.57,6173100
2017-11-29,10.55,10.65,10.51,10.61,10.61,6947500
2017-11-30,10.61,10.68,10.5,10.58,10.58,5254600
2017-12-01,10.62,10.68,10.54,10.67,10.67,5811000
2017-12-04,10.69,10.82,10.62,10.77,10.77,5034900
